stock,model,n,mse,mae,r2,qlike
SH600000,lstm32_raw,417,0.14113237063002682,0.2489048814233746,0.16772922017885472,-8.107518653273242
SH600009,lstm32_raw,417,0.13471275460163776,0.2409156221474898,0.23259130795937355,-7.137876641481792
SH600010,lstm32_raw,417,0.16361827102606777,0.27797736741553564,0.1973208810810887,-7.348261379865747
SH600015,lstm32_raw,417,0.164768204124045,0.2895084357507899,0.16457575364701194,-8.699187214002245
SH600016,lstm32_raw,417,0.1590032914517086,0.28183506387515556,0.09322208924552633,-8.777428548370866
SH600018,lstm32_raw,414,0.154067755209368,0.28409403145426165,0.4979683078092787,-7.394905736288787
SH600028,lstm32_raw,417,0.1463289376173698,0.25807472869897385,0.14610870212659222,-8.714102041753847
SH600029,lstm32_raw,417,0.15842510408984523,0.2745054038622286,0.19891430345240257,-7.352876209231621
SH600030,lstm32_raw,410,0.1737056993941972,0.27825674304647907,0.3223778367308201,-7.180980448095791
SH600031,lstm32_raw,417,0.13467513803093348,0.21911384940172735,0.19509485109792168,-6.865452693510404
SH600036,lstm32_raw,417,0.1296651410399911,0.22093666990734562,0.13119145385393116,-7.627071403614856
SH600038,lstm32_raw,417,0.13547762835672597,0.2374181247538297,0.4028893699680943,-7.042688425509346
SH600048,lstm32_raw,417,0.1291367198659507,0.2247884749058284,0.14287593461662307,-7.089630189013601
SH600066,lstm32_raw,417,0.1439906300974179,0.25826842492741026,0.3918592908462303,-6.895107537918143
SH600068,lstm32_raw,417,0.1643062976854593,0.2710226187062475,0.3253339305213949,-7.586000604767202
SH600085,lstm32_raw,417,0.17235596986946825,0.27931091281732345,0.24284696229265157,-7.5426211729624
SH600089,lstm32_raw,417,0.1418320324070212,0.2638916982001256,0.6457771201046705,-7.615714650352344
SH600104,lstm32_raw,417,0.1289659778131135,0.2468393344625685,0.3133558779640707,-7.394296958099788
SH600109,lstm32_raw,412,0.16373515489500218,0.2733970765748736,0.44260553807691483,-6.866653967978304
SH600111,lstm32_raw,414,0.16336867031888366,0.2608450937385902,0.35382131726071286,-6.929335822544766
SH600115,lstm32_raw,416,0.1705896311037562,0.28683940251154066,0.26624844354455557,-7.280050489924743
SH600118,lstm32_raw,417,0.11958365835964564,0.23375325150757392,0.6000944170581723,-6.708271513323285
SH600170,lstm32_raw,417,0.14295192595030423,0.2633050185224479,0.3737837662912038,-8.087978891489827
SH600177,lstm32_raw,417,0.17243796476227122,0.3037004039655342,0.2373116071060003,-8.056402444786585
SH600188,lstm32_raw,417,0.15096261518071144,0.25146938948163045,0.12445516138259005,-7.504836980589315
SH600196,lstm32_raw,417,0.15666446187573393,0.26260017579277356,0.4157537048726948,-6.718962186767403
SH600208,lstm32_raw,416,0.28444352163865105,0.3043288771251481,0.24833239688634057,-7.02634721751197
SH600276,lstm32_raw,417,0.11586208804961294,0.22265276197873474,0.13987768305234716,-7.160760324357093
SH600332,lstm32_raw,417,0.1424514015841492,0.23242464493257872,0.28799694153598465,-7.219269381105466
SH600340,lstm32_raw,417,0.12262177231698244,0.21929131218297046,0.3554968382985939,-7.2970517365408645
SH600352,lstm32_raw,413,0.1441457073463763,0.2421148722028144,0.44992144551367663,-7.11363737412098
SH600362,lstm32_raw,417,0.16287318843537235,0.26587599069398377,0.270850005695335,-7.474858794165681
SH600369,lstm32_raw,417,0.1865093709299293,0.2951650062347706,0.36455205094058385,-6.949902837496274
SH600372,lstm32_raw,417,0.1520028516355346,0.2539638407164144,0.35013132570098404,-7.018779423056169
SH600383,lstm32_raw,417,0.13361421822100733,0.22496546686380367,0.17468549791518306,-6.836423796216692
SH600489,lstm32_raw,416,0.14897880310471673,0.26682884939228707,0.1374471970292247,-7.235296221844141
SH600519,lstm32_raw,417,0.1281249305563641,0.22723739737744836,0.1836491371562784,-7.54796188464665
SH600547,lstm32_raw,417,0.15412040200721439,0.2546223262826782,0.10227635151678482,-7.078957828500997
SH600570,lstm32_raw,416,0.13623576982041802,0.24670044139127606,0.26084081747257293,-6.634977794757128
SH600583,lstm32_raw,417,0.12950861734339394,0.22340233373306834,0.16965749419089127,-7.219892931053288
SH600585,lstm32_raw,417,0.13387856862322747,0.21787292842189598,0.14481627806727604,-7.308691596180668
SH600588,lstm32_raw,417,0.1318213249196816,0.23352140095414323,0.3521325719064071,-6.292989300680931
SH600637,lstm32_raw,417,0.13678564161776346,0.2519106654908655,0.34859045717176784,-7.433145222988197
SH600660,lstm32_raw,417,0.1492508556376663,0.2468224533956881,0.3594883680167701,-7.379860553404827
SH600674,lstm32_raw,417,0.12103054305513461,0.23478721272415293,-0.03637624897953784,-8.086074712420313
SH600703,lstm32_raw,415,0.14015807127377303,0.25316782319111547,0.11592397157146073,-6.018401049312569
SH600705,lstm32_raw,417,0.156662804120961,0.26787411007769824,0.43324482359314676,-7.244659814424974
SH600741,lstm32_raw,417,0.1291509878705954,0.2217816211647736,0.15429056908228655,-6.65146893580516
SH600837,lstm32_raw,417,0.16146712939517543,0.27254587273226505,0.3569870996689539,-7.034603288740627
SH600886,lstm32_raw,417,0.11905933428583523,0.2210015751967976,0.05199864529517284,-7.643996552453653
SH600887,lstm32_raw,417,0.11353498121050229,0.20675608436988288,0.24142027184554204,-7.351495815821881
SH600893,lstm32_raw,406,0.14345239733611623,0.241330399041799,0.5397058660361003,-7.147785592246322
SH600999,lstm32_raw,411,0.13419741151501624,0.2531132115896251,0.37844049658265433,-7.0844838747154135
SH601006,lstm32_raw,417,0.13611376891334173,0.24530418700949194,-0.041700389304101915,-8.6342164590031
SH601009,lstm32_raw,417,0.15746624614576712,0.26616423262370414,0.23907050546540598,-7.811377713898509
SH601111,lstm32_raw,416,0.1630858439719878,0.2708571887575384,0.10077804132827117,-7.139993041787449
SH601166,lstm32_raw,417,0.13938215128797812,0.25101898659657185,0.13560983554943862,-7.951759696960915
SH601169,lstm32_raw,417,0.13309917438201746,0.2530589186529735,0.187235137931812,-8.652386279543897
SH601186,lstm32_raw,417,0.1448203024817427,0.2542451890677807,0.30346017141050885,-7.62408840524299
SH601225,lstm32_raw,417,0.14356961129659734,0.25081447545213925,0.1567507237716096,-7.518415804102885
SH601288,lstm32_raw,417,0.13480302635019623,0.2537388721266453,0.09087774789121184,-8.998308689106144
SH601318,lstm32_raw,417,0.11592832794245155,0.21973955659305897,0.3550851949279774,-7.9167615238750555
SH601328,lstm32_raw,417,0.1488307435449178,0.2780319343946269,0.30279309970972457,-8.91053303209369
SH601336,lstm32_raw,417,0.15073310936618228,0.2541711049532894,0.3759381086968281,-7.186301388341033
SH601377,lstm32_raw,417,0.1827149939802868,0.2849712514421395,0.36941617180159203,-7.0279639383315144
SH601398,lstm32_raw,417,0.1377535004214473,0.26101848941623074,0.12736408660441279,-8.735315165604858
SH601555,lstm32_raw,411,0.1740235377185407,0.27877912759619444,0.4050519981441788,-6.770462311768544
SH601601,lstm32_raw,417,0.13636816920602776,0.2401182022836119,0.108113577070996,-7.311806869585748
SH601607,lstm32_raw,417,0.16440117677051044,0.2848483455016124,0.3740413866697505,-7.320500835827274
SH601628,lstm32_raw,417,0.1376534521355102,0.23144634215960425,0.3885981634346931,-6.998115040172066
SH601633,lstm32_raw,416,0.1610954575619132,0.2815808445580039,0.40953427969865197,-6.471402200039758
SH601668,lstm32_raw,417,0.13931028298557196,0.24563421436042585,0.08564230274571283,-7.914819046448557
SH601669,lstm32_raw,417,0.17175524769151543,0.2705611151959549,0.2906827814982085,-7.641648928523314
SH601688,lstm32_raw,417,0.1586411188002727,0.2587576160328632,0.30081881207821104,-7.179065142940794
SH601766,lstm32_raw,417,0.13313001487581813,0.24828356232167706,0.30410036939991525,-8.17632321543361
SH601800,lstm32_raw,417,0.1849004935390511,0.2883626215353633,0.2523236129275931,-7.468590562209906
SH601818,lstm32_raw,417,0.14559049312232042,0.2557982548629861,0.26923101980421216,-7.8719173253275345
SH601857,lstm32_raw,417,0.13931011559849452,0.25324196982376573,0.0652646870969098,-8.833391232221162
SH601888,lstm32_raw,417,0.12711136525064526,0.2246693978148274,0.5175653264837763,-6.760238057846775
SH601899,lstm32_raw,413,0.17250407826277753,0.2670557063506258,0.29805947473074157,-7.029596646468654
SH601901,lstm32_raw,415,0.2004321622591576,0.288482528206254,0.29977278291898635,-6.89994497429516
SH601933,lstm32_raw,417,0.16487117097515752,0.25718195198988314,0.11412031390344468,-7.04763370511922
SH601939,lstm32_raw,417,0.14579734504390282,0.2531899610414066,0.22632508466475354,-8.38491820142895
SH601988,lstm32_raw,417,0.14527355449650617,0.2736830594117364,0.148726641725484,-8.980841550189348
SH601998,lstm32_raw,417,0.1559883590171816,0.2728352756314877,0.3162336457962466,-8.202236690659014
SH603993,lstm32_raw,417,0.1562752584729007,0.267964041278398,0.28683437457690986,-7.005866518132646
SZ000001,lstm32_raw,417,0.06329770013157787,0.18752442791211926,0.16695418177780774,-7.252147206968287
SZ000069,lstm32_raw,417,0.056150717958154676,0.18932241065657077,0.3814918510191101,-7.373581691950706
SZ000157,lstm32_raw,417,0.053676802391721054,0.1831525590564827,0.30005939783504154,-7.196234461576319
SZ000166,lstm32_raw,417,0.09500102490862189,0.2456426994897242,0.4940590996794123,-7.419963548273631
SZ000333,lstm32_raw,406,0.055034837302680946,0.18217287498320323,0.247974990408375,-7.359416610293452
SZ000338,lstm32_raw,417,0.056465003494330125,0.18950923137991896,0.34479321274999664,-6.987226895235041
SZ000425,lstm32_raw,417,0.06986679285919123,0.20756196107546876,0.3629750786107617,-7.034373715832834
SZ000568,lstm32_raw,417,0.06553087292136599,0.2074513174069441,0.3857785230044576,-6.743402300103394
SZ000625,lstm32_raw,417,0.07683636256176413,0.21773264810771673,-0.05128970567282387,-6.334490337407637
SZ000709,lstm32_raw,417,0.09385089331635475,0.24907476392211578,0.37163895208293274,-8.075555944391162
SZ000725,lstm32_raw,417,0.092300201535192,0.23640662115502056,0.30564088812547685,-6.694814644198462
SZ000728,lstm32_raw,417,0.09941946413073367,0.24078872574617421,0.5466301192732361,-6.9558533778178235
SZ000768,lstm32_raw,417,0.06895207808774001,0.20250952097738362,0.5788358690376285,-7.056273872841131
SZ000776,lstm32_raw,417,0.08424421614025017,0.22706894749177337,0.48546940662289917,-7.362530145070912
SZ000783,lstm32_raw,417,0.09425870941685466,0.2415638774439084,0.5546684730393718,-7.02305621200194
SZ000858,lstm32_raw,417,0.06900243215020849,0.20944330651573986,0.426668803609204,-6.945032543307933
SZ000895,lstm32_raw,402,0.07021714903981345,0.207851988374624,0.3866426234965499,-6.729884653774247
SZ000963,lstm32_raw,417,0.09180538508253214,0.2402524159409833,0.1597162111375412,-6.825730195808876
SZ002007,lstm32_raw,417,0.07701665019492558,0.22093139108610915,0.40426654497371106,-6.459486495792009
SZ002008,lstm32_raw,417,0.05702754489235116,0.19277119514139898,0.00854869197991015,-6.492987190475941
SZ002024,lstm32_raw,417,0.0912779903834143,0.24072926989242566,0.5717942386261514,-7.64220418600846
SZ002142,lstm32_raw,417,0.06110280843725026,0.1826627391395286,0.2741583609694085,-7.076350371975665
SZ002146,lstm32_raw,417,0.057796780192250645,0.18846210852401513,0.4000961856379279,-7.309927473266627
SZ002153,lstm32_raw,417,0.06965755874358005,0.206237529398223,0.11135724882147058,-6.403500408378433
SZ002202,lstm32_raw,411,0.061656133562481716,0.20028784426132445,0.2599542606252274,-6.9025635718528875
SZ002236,lstm32_raw,415,0.07058925066870808,0.21621274078549205,0.12798297565283978,-6.589058570490724
SZ002241,lstm32_raw,417,0.056197117926386854,0.19278412622259233,0.28905033995699725,-5.994959404930496
SZ002304,lstm32_raw,417,0.07280128892809494,0.21258469855640105,0.35616542946434926,-7.00898308416458
SZ002415,lstm32_raw,415,0.05583142719444497,0.18725439124817964,0.1293559251049875,-6.923960897038697
SZ002456,lstm32_raw,414,0.16152071674598584,0.23980339563013098,0.10150766495575225,-6.074153365324736
SZ002475,lstm32_raw,417,0.04834815683893378,0.17907514468339433,0.1050813288568967,-6.28887817392214
SZ002594,lstm32_raw,417,0.0711099859847041,0.21443235149007533,0.5792297423927243,-6.886841192765641
SZ002673,lstm32_raw,417,0.10382648758793502,0.2509736937367051,0.5606207482971797,-7.0489266104382935
SZ300124,lstm32_raw,406,0.05028159254277804,0.17554357862401246,0.37177945038358806,-6.731091075977505
SH600000,gru32_raw,417,0.1345635742217124,0.24067875220590468,0.20646602651767665,-8.108179169520545
SH600009,gru32_raw,417,0.13164265048210363,0.24049762800930582,0.25008055456981726,-7.1567718307738675
SH600010,gru32_raw,417,0.16310554996369572,0.27714782631225804,0.19983618996447372,-7.344921596020088
SH600015,gru32_raw,417,0.15639287595139112,0.2783954691598682,0.2070411811473971,-8.705390198886667
SH600016,gru32_raw,417,0.14747214261957256,0.26414646887832893,0.15898293577352984,-8.797809389783392
SH600018,gru32_raw,414,0.14865253901885042,0.2776650743998344,0.5156138569639976,-7.4041051539602885
SH600028,gru32_raw,417,0.13919219759487247,0.24950109236952728,0.18775460142458555,-8.729312615163659
SH600029,gru32_raw,417,0.1591018176003359,0.27670304060962914,0.19549246246937801,-7.34045492044865
SH600030,gru32_raw,410,0.17824386174982224,0.2808345319212714,0.30467456387673353,-7.167100867282957
SH600031,gru32_raw,417,0.13523849851381903,0.21810109541638403,0.19172784691294442,-6.873527477836078
SH600036,gru32_raw,417,0.12660338201466023,0.22066653965921443,0.1517064695791438,-7.623910015364864
SH600038,gru32_raw,417,0.13561092506890596,0.23748229314093136,0.4023018716131528,-7.030693792105429
SH600048,gru32_raw,417,0.13182281895791906,0.22703233620159347,0.1250473868873606,-7.084691411014217
SH600066,gru32_raw,417,0.14545508531053516,0.2629885752355709,0.385674202057977,-6.8939437702294954
SH600068,gru32_raw,417,0.16069980470190615,0.2672993678327567,0.3401427265328171,-7.575685651767856
SH600085,gru32_raw,417,0.16930245537636618,0.2775807072352778,0.2562609320895003,-7.551195168817814
SH600089,gru32_raw,417,0.1351843434834263,0.2577361920171164,0.6623796003427488,-7.620691648801078
SH600104,gru32_raw,417,0.12987890784920889,0.25032597418836355,0.30849523135211443,-7.382793105358643
SH600109,gru32_raw,412,0.16457762224898062,0.27373195205418505,0.43973757341923503,-6.866619127751638
SH600111,gru32_raw,414,0.16604406213776446,0.26383194806201454,0.34323923222591757,-6.918003024552487
SH600115,gru32_raw,416,0.17178336471308803,0.28618709981875734,0.26111387652443196,-7.2694526192669695
SH600118,gru32_raw,417,0.11908859258622673,0.23611684459462343,0.6017499908165718,-6.705153327047613
SH600170,gru32_raw,417,0.13779033195020543,0.25709182319177004,0.3963946820461931,-8.089560211571932
SH600177,gru32_raw,417,0.17657061559356005,0.3109366211658976,0.21903300572461026,-8.060582826614962
SH600188,gru32_raw,417,0.15424522042422184,0.25465766389114336,0.10541688442419517,-7.485604310860721
SH600196,gru32_raw,417,0.15375759772636913,0.26068083129674885,0.4265942272819946,-6.725723037512739
SH600208,gru32_raw,416,0.2924745496125403,0.3101889007452044,0.22710968274999632,-6.963123126770033
SH600276,gru32_raw,417,0.11544794309540281,0.22109258540175486,0.14295215998922806,-7.159672828996978
SH600332,gru32_raw,417,0.13942743237664482,0.23314029652010756,0.30311139671508847,-7.23507288498788
SH600340,gru32_raw,417,0.12203041791148787,0.21681605959075556,0.35860501213123164,-7.301367225190331
SH600352,gru32_raw,413,0.14279686809553108,0.24429954377356772,0.455068789537987,-7.112124441908388
SH600362,gru32_raw,417,0.16717548172788388,0.2670610547606519,0.25158951745987235,-7.456344733663591
SH600369,gru32_raw,417,0.19221429559321582,0.29770457013699825,0.3451150507579718,-6.936859349757498
SH600372,gru32_raw,417,0.15201612223101726,0.25441584414822915,0.3500745889740037,-7.002183528205975
SH600383,gru32_raw,417,0.13349562236817863,0.22323052826159168,0.17541804628114166,-6.842981121948086
SH600489,gru32_raw,416,0.14893283636585677,0.2724056002042794,0.13771333381258444,-7.226279935969329
SH600519,gru32_raw,417,0.12476456721488614,0.2245968773924614,0.20505976740108578,-7.54601651657346
SH600547,gru32_raw,417,0.15067063737709416,0.25503743199583484,0.12237061061438903,-7.07799774227187
SH600570,gru32_raw,416,0.13570840723514005,0.24515758945801558,0.2637020696822051,-6.634972310671478
SH600583,gru32_raw,417,0.12999796758756013,0.223608223869595,0.1665200326358669,-7.221108987947641
SH600585,gru32_raw,417,0.1345373496155094,0.21801584791490727,0.14060814537873734,-7.3115845099766315
SH600588,gru32_raw,417,0.13610786814374998,0.2381487296237659,0.33106533004943683,-6.274999619842105
SH600637,gru32_raw,417,0.13667445034979891,0.2531555120180592,0.34911997951179286,-7.424935681225317
SH600660,gru32_raw,417,0.14937384830919423,0.24712200119508215,0.35896054366075036,-7.369800819342511
SH600674,gru32_raw,417,0.11340712294484727,0.22655258285476118,0.028902575182191748,-8.098608187133678
SH600703,gru32_raw,415,0.1410780261823868,0.25150860174894135,0.1101211656784491,-6.025850004622761
SH600705,gru32_raw,417,0.15656629625565416,0.26551059108418346,0.4335939577257416,-7.240351996429197
SH600741,gru32_raw,417,0.12611920474289742,0.22078297888672097,0.17414336019032228,-6.656681020305999
SH600837,gru32_raw,417,0.1661374484877344,0.2758874341752733,0.33838841994741087,-7.022654490031591
SH600886,gru32_raw,417,0.11703958031560678,0.21956305965004216,0.06808079048296789,-7.644033482788496
SH600887,gru32_raw,417,0.11089784701880476,0.20519624597493816,0.2590401852582699,-7.349649422266788
SH600893,gru32_raw,406,0.14729949534670625,0.24759241921609318,0.5273617248440243,-7.12404010731236
SH600999,gru32_raw,411,0.13637098763587419,0.2536448768906422,0.3683731869447997,-7.0689692342336246
SH601006,gru32_raw,417,0.12484651993805215,0.228574974377425,0.04452966469886943,-8.654555795827182
SH601009,gru32_raw,417,0.1535301262959244,0.2653357241344892,0.25809115122967863,-7.806611157105678
SH601111,gru32_raw,416,0.16572145184324233,0.2732701575949096,0.08624583905639782,-7.128659585835734
SH601166,gru32_raw,417,0.1359025056300785,0.24839235099185628,0.15718915151398527,-7.951834808068203
SH601169,gru32_raw,417,0.1285811848502397,0.24550445773177354,0.21482406292455025,-8.664395794944541
SH601186,gru32_raw,417,0.14133145797545424,0.2522943818485985,0.3202404094899861,-7.624276782433472
SH601225,gru32_raw,417,0.14105627822907368,0.24956920801864801,0.171512665877393,-7.515587178621402
SH601288,gru32_raw,417,0.13438760573488256,0.253038057616439,0.09367937731743303,-9.007810336900594
SH601318,gru32_raw,417,0.11266237220562993,0.2143119404488809,0.3732538621102709,-7.922972904300706
SH601328,gru32_raw,417,0.15056889684769345,0.28203039461909635,0.2946506121591481,-8.914877454487588
SH601336,gru32_raw,417,0.1485276451515916,0.252999631488521,0.38506912294277806,-7.182318267978745
SH601377,gru32_raw,417,0.18423256847297745,0.28514087948774575,0.3641787366446263,-7.018233104959142
SH601398,gru32_raw,417,0.13341345045579445,0.25604161387127494,0.15485727882365252,-8.743328726101335
SH601555,gru32_raw,411,0.17621998899983723,0.2800053451152551,0.3975428168109355,-6.7691802232283695
SH601601,gru32_raw,417,0.13607422685476128,0.24170220016213118,0.11003604324286576,-7.309284017724793
SH601607,gru32_raw,417,0.1610269403565621,0.28497140047644404,0.3868888150654236,-7.325137102162576
SH601628,gru32_raw,417,0.1368908273904862,0.23207172365139242,0.3919854389623624,-6.998910961660633
SH601633,gru32_raw,416,0.16439344557651941,0.2863418768695959,0.3974461122353251,-6.465184273047805
SH601668,gru32_raw,417,0.1348699167055626,0.24036861100092186,0.11478647645452267,-7.917692354993169
SH601669,gru32_raw,417,0.16899857066141225,0.26885558919122915,0.3020673447623978,-7.6335702375965795
SH601688,gru32_raw,417,0.16005901738126607,0.26017714984097734,0.2945696881328632,-7.174390270761737
SH601766,gru32_raw,417,0.12813533397132826,0.23969026679596497,0.33020865609726113,-8.179781863988387
SH601800,gru32_raw,417,0.1841787609027077,0.2892709957848178,0.25524206078916944,-7.458693389072693
SH601818,gru32_raw,417,0.14424483250713546,0.2521645249760582,0.27598535529933377,-7.866821015025056
SH601857,gru32_raw,417,0.13746982405772967,0.2536698606758327,0.07761257355009099,-8.838590614895248
SH601888,gru32_raw,417,0.12485890325729683,0.2240608877312279,0.5261142533576717,-6.760101647152715
SH601899,gru32_raw,413,0.1736449276422651,0.26774263077564975,0.2934172168736795,-7.022099321509423
SH601901,gru32_raw,415,0.20504281428210128,0.2891996985319133,0.2836650684755312,-6.891927758499124
SH601933,gru32_raw,417,0.1638783516420222,0.25911330621877765,0.11945489407283683,-7.057381395559955
SH601939,gru32_raw,417,0.14118501599906755,0.24870192833179983,0.2508004499890444,-8.401935819430378
SH601988,gru32_raw,417,0.14581998922904293,0.2747493355092277,0.14552464579816882,-8.988127557784958
SH601998,gru32_raw,417,0.15257805714423198,0.2667126366564425,0.3311825156548247,-8.199519148594133
SH603993,gru32_raw,417,0.15785344380060357,0.2684018081510524,0.2796322906561213,-7.012465535339587
SZ000001,gru32_raw,417,0.06453989547011117,0.18856292474943856,0.1506059474813135,-7.246366300054882
SZ000069,gru32_raw,417,0.05791853475174021,0.19235431685611074,0.36201909746406624,-7.364756383724513
SZ000157,gru32_raw,417,0.05280312917312259,0.18017392765759557,0.31145201683381263,-7.194935147696781
SZ000166,gru32_raw,417,0.09733991650796361,0.24521915359633661,0.4816030138354813,-7.405938560313873
SZ000333,gru32_raw,406,0.055511704564454034,0.17964567987782099,0.24145882492692705,-7.354202526128571
SZ000338,gru32_raw,417,0.05797259290774277,0.1916933847972524,0.3272994953157383,-6.981097582334122
SZ000425,gru32_raw,417,0.07138202397595532,0.20927248997634265,0.3491596457915037,-7.028299194220534
SZ000568,gru32_raw,417,0.06275357793810506,0.20291311119103975,0.41181013452774395,-6.746235434941879
SZ000625,gru32_raw,417,0.07368124523547963,0.21185855233097023,-0.008120791180723064,-6.339929012839889
SZ000709,gru32_raw,417,0.09116404933696737,0.23928463462547672,0.3896282118418839,-8.069340682039986
SZ000725,gru32_raw,417,0.09242186865678648,0.2354202713527593,0.3047256065433184,-6.690004819179833
SZ000728,gru32_raw,417,0.10049277916358051,0.23962350626651208,0.5417356178526276,-6.95021996009721
SZ000768,gru32_raw,417,0.07259804880267509,0.20655141188308093,0.5565660240923328,-7.04175991833615
SZ000776,gru32_raw,417,0.08632298258689629,0.22850862010332723,0.4727731174022294,-7.3501933300650295
SZ000783,gru32_raw,417,0.09606016495770735,0.24311766739456833,0.5461573768051583,-7.013666218629205
SZ000858,gru32_raw,417,0.06739764431740998,0.20636459358122292,0.44000275285506385,-6.943060631436024
SZ000895,gru32_raw,402,0.07129051158488384,0.20990238098247757,0.37726663994147625,-6.723487085979729
SZ000963,gru32_raw,417,0.09417325590259601,0.24157126144504867,0.13804337067800354,-6.813574878572709
SZ002007,gru32_raw,417,0.07874291775061917,0.22153233025770253,0.39091364877983215,-6.44765850568933
SZ002008,gru32_raw,417,0.05578978272623501,0.19082896475704317,0.030067782814525823,-6.495484255732188
SZ002024,gru32_raw,417,0.09199420222255987,0.24102792874233034,0.5684343263997971,-7.628850980267917
SZ002142,gru32_raw,417,0.06211361953655497,0.18383281484323122,0.2621509131313421,-7.07110589794594
SZ002146,gru32_raw,417,0.059661040693349425,0.189966329247728,0.38074602492216447,-7.300065715149131
SZ002153,gru32_raw,417,0.06765134813650653,0.20368273693861172,0.1369510902576332,-6.409254729671938
SZ002202,gru32_raw,411,0.06255982822166331,0.20134975373063277,0.24910740170655488,-6.901089165934776
SZ002236,gru32_raw,415,0.06936196679667081,0.2133731733231623,0.1431441003281244,-6.592757071361232
SZ002241,gru32_raw,417,0.056739720582699785,0.19268748979336836,0.2821858745132457,-5.990929179206912
SZ002304,gru32_raw,417,0.07335418368933322,0.21367576979361516,0.3512757803057356,-7.007424842991994
SZ002415,gru32_raw,415,0.05422359840213052,0.18463615774700295,0.15442866069168337,-6.927593179300556
SZ002456,gru32_raw,414,0.16416304186427563,0.2389611780818647,0.08680918594137366,-6.068103123427127
SZ002475,gru32_raw,417,0.047306568381028626,0.17662871274709485,0.12436100815742879,-6.289376862159829
SZ002594,gru32_raw,417,0.07355176034010384,0.2161977943005629,0.5647813353186266,-6.87807943097356
SZ002673,gru32_raw,417,0.10759374633756948,0.254579716338911,0.5446782333490228,-7.034124410941148
SZ300124,gru32_raw,406,0.05045726734636723,0.17509004788217786,0.36958456123860595,-6.728410459564708
SH600000,lstm4_raw,417,0.1382721975571274,0.24151138614599016,0.18459592810120407,-8.11838570180923
SH600009,lstm4_raw,417,0.13280928207362458,0.24046295268672602,0.24343468628221643,-7.159626196370013
SH600010,lstm4_raw,417,0.16640362261321523,0.2753152844888571,0.18365649296703324,-7.349711635612623
SH600015,lstm4_raw,417,0.16160137689328602,0.2819851506803151,0.1806325181584172,-8.702488145047232
SH600016,lstm4_raw,417,0.15481852096931734,0.27316871609364624,0.11708736524305019,-8.79083607191978
SH600018,lstm4_raw,414,0.1519528634368704,0.27959483602020063,0.5048597088938493,-7.415661214786946
SH600028,lstm4_raw,417,0.14675375504837535,0.26040482186978414,0.14362971257451118,-8.720933590379037
SH600029,lstm4_raw,417,0.16074840065814816,0.27305612009362096,0.18716642005729311,-7.3508154582590155
SH600030,lstm4_raw,410,0.17402714788446705,0.2740165039338696,0.3211238731469197,-7.1894437687716595
SH600031,lstm4_raw,417,0.1374827274751926,0.21803774985007765,0.1783148928017717,-6.886685959641076
SH600036,lstm4_raw,417,0.13235146563280142,0.22208240073726443,0.11319199968115434,-7.632609222067579
SH600038,lstm4_raw,417,0.1377906292761974,0.23557874959624728,0.39269493821547063,-7.0368460277827625
SH600048,lstm4_raw,417,0.1307609745299496,0.22244137738768371,0.13209520732023683,-7.09552380091016
SH600066,lstm4_raw,417,0.14201630663294001,0.2568547079581379,0.40019779503205255,-6.923343861330855
SH600068,lstm4_raw,417,0.1648513762131643,0.27060169225250413,0.3230957571036728,-7.593323812782976
SH600085,lstm4_raw,417,0.16812332823007073,0.2733872821478287,0.2614407915474405,-7.567613921683647
SH600089,lstm4_raw,417,0.13797143637032006,0.2553930187198131,0.6554188873629183,-7.626147099150192
SH600104,lstm4_raw,417,0.1275024420797673,0.24356109914221238,0.32114807421406133,-7.398423070679171
SH600109,lstm4_raw,412,0.16401105739859173,0.2694039729645423,0.4416662985615514,-6.884045306873245
SH600111,lstm4_raw,414,0.16637328384962097,0.25986154122077465,0.3419370483268789,-6.930212312459402
SH600115,lstm4_raw,416,0.17291726037376384,0.28643692845877583,0.2562366885001909,-7.283918704003543
SH600118,lstm4_raw,417,0.1160451118132996,0.23313112181444698,0.6119278442905745,-6.728655375209479
SH600170,lstm4_raw,417,0.14228560281077293,0.2598943435108133,0.37670266622274695,-8.09188720401806
SH600177,lstm4_raw,417,0.17876139877190453,0.31257910254462506,0.20934323175995984,-8.069021361479857
SH600188,lstm4_raw,417,0.15290013982015235,0.2487249071891483,0.11321801041163027,-7.508752692363103
SH600196,lstm4_raw,417,0.15678742910214424,0.25998690628816573,0.4152951251438136,-6.74201176532238
SH600208,lstm4_raw,416,0.2847041478538626,0.3025238273264507,0.24764366865878906,-7.037374008700817
SH600276,lstm4_raw,417,0.11598171721992967,0.22520248244128666,0.13898959514646303,-7.173329984731836
SH600332,lstm4_raw,417,0.13631565312437377,0.228900657612708,0.31866474557823077,-7.267057449452305
SH600340,lstm4_raw,417,0.12363658329543138,0.21564971606856692,0.35016296592192586,-7.309539789786824
SH600352,lstm4_raw,413,0.14698358362688146,0.2419839965293133,0.43909174471349843,-7.120257342763659
SH600362,lstm4_raw,417,0.16449968267643886,0.2626782780375202,0.2635685232241989,-7.475865405093402
SH600369,lstm4_raw,417,0.18910841864922925,0.29159601914815514,0.35569694873042623,-6.954371150453444
SH600372,lstm4_raw,417,0.1510744828934345,0.2502874513948304,0.3541004470509955,-7.018960298999892
SH600383,lstm4_raw,417,0.13502262385857766,0.22161251472421864,0.16598599263063196,-6.842883189730888
SH600489,lstm4_raw,416,0.14573662999698928,0.2643579196268099,0.15621862922969076,-7.239609877019333
SH600519,lstm4_raw,417,0.1312097174859184,0.22972115739019303,0.163994348188234,-7.550105053957969
SH600547,lstm4_raw,417,0.1528525344763756,0.25267742809171634,0.1096614520664495,-7.088963634622014
SH600570,lstm4_raw,416,0.13450218143290543,0.24157199778759403,0.2702465541380754,-6.65283349024504
SH600583,lstm4_raw,417,0.1314925642305144,0.22334940232770287,0.15693744927468467,-7.230899720174436
SH600585,lstm4_raw,417,0.13508754166865344,0.2170692712911203,0.13709365241228133,-7.319826786733647
SH600588,lstm4_raw,417,0.1316033590647878,0.2310534917177404,0.3532038172296378,-6.302877079026907
SH600637,lstm4_raw,417,0.13641048275260845,0.25008363903087316,0.3503770632946641,-7.450491531626923
SH600660,lstm4_raw,417,0.15106847323610834,0.24607773766307284,0.3516880427903214,-7.379432204783407
SH600674,lstm4_raw,417,0.12012835144109689,0.23396680260060748,-0.028650843993200725,-8.098059289148697
SH600703,lstm4_raw,415,0.14387307668879717,0.2539591992594028,0.09249080640975071,-6.022765566390281
SH600705,lstm4_raw,417,0.15761743581400522,0.262775393368254,0.42979127597774025,-7.2501913770609665
SH600741,lstm4_raw,417,0.1273801030526404,0.2184005699891568,0.16588671725200976,-6.665065143197074
SH600837,lstm4_raw,417,0.1628278303124297,0.2677689574596394,0.3515683605945419,-7.03870585115792
SH600886,lstm4_raw,417,0.12033218810269508,0.22084333900739234,0.041863638662031355,-7.650930901215974
SH600887,lstm4_raw,417,0.11396345669902426,0.20551071547795402,0.23855742890375997,-7.356075518981327
SH600893,lstm4_raw,406,0.14402699564882326,0.2404671123897678,0.5378621587322417,-7.148348581610605
SH600999,lstm4_raw,411,0.13345367822222629,0.24964696599254962,0.38188523140222086,-7.083933452028464
SH601006,lstm4_raw,417,0.1326797610944672,0.23821628593598043,-0.015419379599107108,-8.650296740457966
SH601009,lstm4_raw,417,0.1574561372453094,0.2635838095169523,0.23911935504875392,-7.821052338630726
SH601111,lstm4_raw,416,0.16608227563148514,0.2712272414975885,0.08425633055157133,-7.141269768674695
SH601166,lstm4_raw,417,0.14131934784823752,0.24948471228416716,0.12359614772913796,-7.959703692438962
SH601169,lstm4_raw,417,0.1347542939856998,0.2520334003798453,0.1771282153108481,-8.6585107629203
SH601186,lstm4_raw,417,0.14487840164637103,0.25147090861029936,0.30318073281331004,-7.637033646151853
SH601225,lstm4_raw,417,0.14372925379693732,0.25069483522535907,0.15581307114685694,-7.537048792326087
SH601288,lstm4_raw,417,0.14064646321437568,0.2586988976980562,0.05146914835267036,-8.998640697684698
SH601318,lstm4_raw,417,0.11746154868463805,0.22112185178382104,0.3465558149771991,-7.925674798892812
SH601328,lstm4_raw,417,0.15773399027884927,0.2869986289232645,0.2610852851142108,-8.906524150426122
SH601336,lstm4_raw,417,0.1524672411158225,0.25420994649217926,0.36875849471553424,-7.195391079255607
SH601377,lstm4_raw,417,0.18354514433578398,0.28197073136898254,0.3665511667040565,-7.034678421129906
SH601398,lstm4_raw,417,0.1394690895218866,0.2615295838864858,0.11649623455642022,-8.742488779895968
SH601555,lstm4_raw,411,0.1751944500102705,0.2730813407120585,0.40104890788727476,-6.781477992437988
SH601601,lstm4_raw,417,0.13680104389339165,0.23638333189572727,0.10528245409899073,-7.323301326288034
SH601607,lstm4_raw,417,0.15895899475246233,0.2793507400529271,0.3947625322018381,-7.351605523535641
SH601628,lstm4_raw,417,0.1358693061767688,0.22680951644832104,0.3965226295410804,-7.0225268171824995
SH601633,lstm4_raw,416,0.16030727065870756,0.2766993519492308,0.41242323358088384,-6.484355790333165
SH601668,lstm4_raw,417,0.14196105091352418,0.24576828749995822,0.06824408915649127,-7.919797569768855
SH601669,lstm4_raw,417,0.1726368824975399,0.268547047562354,0.287041793774405,-7.646392045983739
SH601688,lstm4_raw,417,0.1584427366159832,0.2550467580292631,0.3016931446114345,-7.1914546561866475
SH601766,lstm4_raw,417,0.1294324618762498,0.24006763871456327,0.3234282855646059,-8.189361313488673
SH601800,lstm4_raw,417,0.18445436408860857,0.28489254767857347,0.25412761274008155,-7.473666547163536
SH601818,lstm4_raw,417,0.14763663634727914,0.2524829238578327,0.2589607201042081,-7.876173310057329
SH601857,lstm4_raw,417,0.1395578570574267,0.25400094062139705,0.0636024051503391,-8.835708105947075
SH601888,lstm4_raw,417,0.13018103251873758,0.22758111468003311,0.5059148031543683,-6.769112742986548
SH601899,lstm4_raw,413,0.17244595675956784,0.26456413687382385,0.2982959783479505,-7.0443657944720615
SH601901,lstm4_raw,415,0.2041010395611302,0.28734039732743777,0.28695524049458143,-6.901144127226446
SH601933,lstm4_raw,417,0.16395903346675225,0.25537920127803254,0.11902137747231267,-7.081690545629253
SH601939,lstm4_raw,417,0.14726323566091465,0.2521706394208191,0.2185463229961796,-8.398109900241108
SH601988,lstm4_raw,417,0.15294578853397445,0.28188460206687316,0.10376891726434856,-8.979184957558706
SH601998,lstm4_raw,417,0.15599706083683898,0.26825358000176464,0.31619550185050893,-8.205348555126399
SH603993,lstm4_raw,417,0.15676375844740528,0.26467436119425425,0.28460509405457346,-7.022146233671641
SZ000001,lstm4_raw,417,0.062467855962775175,0.18695508829408217,0.17787556143552274,-7.255811030635298
SZ000069,lstm4_raw,417,0.055544255574311766,0.1876341805345793,0.38817212048132343,-7.374350010446563
SZ000157,lstm4_raw,417,0.053538686526453674,0.18285657485805726,0.30186041610729786,-7.199664046733995
SZ000166,lstm4_raw,417,0.09504007382932447,0.24291884073474726,0.49385113933250213,-7.415615311072648
SZ000333,lstm4_raw,406,0.05589668360387204,0.18487454014134522,0.23619826852301462,-7.35869176318509
SZ000338,lstm4_raw,417,0.05639854797161135,0.19004467748063686,0.3455643472021527,-6.987304211370389
SZ000425,lstm4_raw,417,0.07043372288343315,0.20803866473674312,0.3578059769625186,-7.034322018214331
SZ000568,lstm4_raw,417,0.06390313542275043,0.20399277721884654,0.4010353216092981,-6.747091387860359
SZ000625,lstm4_raw,417,0.07544688303799132,0.2147628083957417,-0.03227858293245056,-6.336092679152739
SZ000709,lstm4_raw,417,0.09109825934993991,0.24342627565024758,0.3900686963565243,-8.074270737793867
SZ000725,lstm4_raw,417,0.09023307769034769,0.2341967245765986,0.3211915180609216,-6.7034190593847125
SZ000728,lstm4_raw,417,0.09837140466878756,0.2389761774005944,0.5514094509404461,-6.959547188575939
SZ000768,lstm4_raw,417,0.07011217120827341,0.20388853211587915,0.5717499388598148,-7.0510590109058136
SZ000776,lstm4_raw,417,0.08448453277968684,0.22548900730038854,0.4840016469504501,-7.359471843388886
SZ000783,lstm4_raw,417,0.09331445621080756,0.23894499773119712,0.5591296599650993,-7.0227682390774655
SZ000858,lstm4_raw,417,0.06854665701732739,0.21040018355509177,0.43045577305473115,-6.94739593014532
SZ000895,lstm4_raw,402,0.07027168652758897,0.20614948931208507,0.3861662303236496,-6.727056633206559
SZ000963,lstm4_raw,417,0.09033057899810526,0.23827625685932566,0.17321493611261252,-6.8275523750880565
SZ002007,lstm4_raw,417,0.07633983270021745,0.21849098689642477,0.4095018132374466,-6.458565487462826
SZ002008,lstm4_raw,417,0.05723246984665252,0.19245167230336674,0.004985973045199432,-6.4903709035608
SZ002024,lstm4_raw,417,0.09102277577634577,0.24029123584360998,0.5729915082491401,-7.637663157391729
SZ002142,lstm4_raw,417,0.06179188702836182,0.18433041968590044,0.26597278084984743,-7.0756399051756524
SZ002146,lstm4_raw,417,0.05818375463788872,0.18995715910085287,0.39607957008898675,-7.309403877052041
SZ002153,lstm4_raw,417,0.06766287277268646,0.20409158454349488,0.1368040669541183,-6.40952310813607
SZ002202,lstm4_raw,411,0.0608638975616652,0.19903567718917975,0.26946330446414135,-6.903509892856653
SZ002236,lstm4_raw,415,0.07055066754555472,0.21563615784830936,0.12845960828349512,-6.587473891746785
SZ002241,lstm4_raw,417,0.056499873718606444,0.19231531767921153,0.28522017685438916,-5.991736069796031
SZ002304,lstm4_raw,417,0.07263694824431559,0.21249606267771942,0.3576188132590664,-7.008275645326755
SZ002415,lstm4_raw,415,0.057360870131939995,0.18983901684729415,0.10550555089222602,-6.919522430002773
SZ002456,lstm4_raw,414,0.15297207442970803,0.23165265840454502,0.14906125282330618,-6.121414604711684
SZ002475,lstm4_raw,417,0.0482143704278941,0.17754114591067313,0.10755769951945349,-6.289102857689092
SZ002594,lstm4_raw,417,0.07138405642229761,0.21436085817409936,0.5776080195498374,-6.885107672696125
SZ002673,lstm4_raw,417,0.10391998453779033,0.2512694028053914,0.5602250822121729,-7.046149466337998
SZ300124,lstm4_raw,406,0.049681896591785894,0.17476090799522356,0.3792720794130784,-6.733351974050956
