stock,model,n,mse,mae,r2,qlike,r2_offset22
SH600000,naive,417,0.19066672660871445,0.2823301938116474,-0.12437950650294227,-7.0917371618852485,-0.1114715753609632
SH600009,naive,417,0.18700432666137728,0.2745694496196707,-0.06529441962283866,-5.6488529753613586,-0.0528865682702393
SH600010,naive,417,0.21675538411839543,0.31900565746141907,-0.06335936478245996,-6.388406058624677,-0.05012902257666374
SH600015,naive,417,0.18039714206524823,0.283918728180738,0.08533234761342068,-8.092974171428308,0.09612978129801064
SH600016,naive,417,0.18093455835558409,0.27270199477614837,-0.03184946242945785,-7.999059472265546,-0.020953708289584316
SH600018,naive,414,0.20344144398748268,0.3259344483593658,0.3370835302431304,-6.8520144733449015,0.3658337372743643
SH600028,naive,417,0.18731046293084266,0.2816019799103017,-0.09303584719185642,-8.091396878472223,-0.1287964478486292
SH600029,naive,417,0.22655653563458766,0.3348271615096785,-0.14559621847127113,-6.467962866743569,-0.14219707416426153
SH600030,naive,410,0.23132875160452257,0.3212410099251953,0.09759156069549291,-6.143959573011748,0.10300568419725364
SH600031,naive,417,0.19968507567337523,0.25469202266628854,-0.1934463028468063,-4.473059040610871,-0.21607066387355767
SH600036,naive,417,0.1844365184893513,0.2628740210963452,-0.2357987829246635,-6.507377715776648,-0.22699602524856677
SH600038,naive,417,0.1869031924956078,0.26941611311890307,0.17623385957002335,-6.048666626804271,0.1833635980267201
SH600048,naive,417,0.1859837710041083,0.2677663726167731,-0.23443716135772807,-5.836504983950002,-0.23262495267768957
SH600066,naive,417,0.22328604566144708,0.2901306709661521,0.0569571501921744,-1.4909750659899346,0.05967929927893534
SH600068,naive,417,0.229097475987428,0.3083427222900393,0.059291726311074155,-5.997151154713711,0.06723281436366757
SH600085,naive,417,0.25104108244940937,0.3311163127493725,-0.1028136612260282,-5.76046585271885,-0.07980093425653512
SH600089,naive,417,0.1659702778974981,0.27627030023678695,0.5854922980644701,-6.840368210457026,0.5981857439603431
SH600104,naive,417,0.18491532363672628,0.28202157354406804,0.015468868591643536,-5.807336834977803,0.034451638356240766
SH600109,naive,412,0.21478982602309304,0.31441971419171094,0.2688029667210494,-5.907614320320682,0.2794882348062103
SH600111,naive,414,0.23380475503486298,0.31304187831436775,0.07522263398659557,-4.809697897365226,0.06878939275693463
SH600115,naive,416,0.24219418792630643,0.3390446640065982,-0.04174187613608571,-5.916924901955297,-0.04456305583113984
SH600118,naive,417,0.2070611937012547,0.27637195867073977,0.30755649636761684,-4.10986510929226,0.30539093173115384
SH600170,naive,417,0.16802556471472405,0.2814837263045755,0.2639460042040507,-7.49305605966231,0.27471247255104614
SH600177,naive,417,0.2412592252401109,0.3397997271970525,-0.06708294210563204,-6.5495471508745915,-0.062029915407032066
SH600188,naive,417,0.21693331181778489,0.3055179100654467,-0.25815812914263025,-6.1965254816102915,-0.24699719465559977
SH600196,naive,417,0.2268547044050989,0.306793339236134,0.15399434566079973,-4.6565346401420635,0.161204704203178
SH600208,naive,416,0.5149518843024978,0.37164015492639035,-0.360806694990393,131.85564590755334,-0.3946975184091561
SH600276,naive,417,0.18899162008326884,0.2673830724499026,-0.40301208864891325,-4.623403283829067,-0.4368383505061213
SH600332,naive,417,0.23226369628419413,0.2788670063872566,-0.1609044227396681,-2.5008657735778774,-0.15525771343409733
SH600340,naive,417,0.15874588511509125,0.24989617807651027,0.16562758039997105,-6.594609050542903,0.16912007791055483
SH600352,naive,413,0.19620427458834375,0.2900656030866888,0.2512592588675031,-5.9610897396181874,0.26087414763886374
SH600362,naive,417,0.23263496284171187,0.3182188117936916,-0.0414592079924021,-6.1166618449757015,-0.051550422112867755
SH600369,naive,417,0.2483507209842128,0.33664446253390407,0.15385508240154167,-5.45724040073452,0.17556960276236144
SH600372,naive,417,0.216218924107975,0.3075868453381082,0.07558375348557933,-5.853849632248144,0.0854562482537945
SH600383,naive,417,0.19169028917501457,0.26539257785667003,-0.1840414715692149,-5.231216469822813,-0.16913550404678102
SH600489,naive,416,0.225323650726899,0.3224982388916275,-0.3045718079335369,-6.192671464687505,-0.28894973588539785
SH600519,naive,417,0.18025821039450848,0.25983528756185903,-0.14851922222495828,-6.300179584035896,-0.15029264212323667
SH600547,naive,417,0.2039759392334349,0.29384745163695764,-0.18812319450644965,-5.9126200037442365,-0.18159134518163378
SH600570,naive,416,0.2133655633531826,0.2919899429681314,-0.157633678699306,-3.659637344445196,-0.14369797552196495
SH600583,naive,417,0.18804775414440283,0.25416564427071503,-0.2056652799714518,-5.651808193467347,-0.2098922603125588
SH600585,naive,417,0.19767966535598935,0.258475518359807,-0.2627296042080651,-5.696405383449282,-0.26227768749346625
SH600588,naive,417,0.1968199245481227,0.27158600926253207,0.03268140877615422,-3.864341764212065,0.040799668369910225
SH600637,naive,417,0.2201730355735163,0.2929568197470814,-0.048522452720819675,-2.872285441869261,-0.047445966286981056
SH600660,naive,417,0.22310233663805276,0.2982753498820034,0.04255395301567921,-5.356330575145527,0.052882836120554666
SH600674,naive,417,0.17800349783957978,0.28569833030906866,-0.524231757864484,-7.056168435051419,-0.49552563165750296
SH600703,naive,415,0.2075589326319762,0.29276364217538015,-0.30922090435815774,-2.9027869986838364,-0.2841254187935498
SH600705,naive,417,0.2032705823765352,0.30009740491869563,0.264633009605865,-6.281705795638543,0.27916668891682295
SH600741,naive,417,0.19083282273741295,0.26501438711456515,-0.2496158223689655,-4.588893015609182,-0.2639889736547931
SH600837,naive,417,0.2178323397798177,0.31204410534806204,0.1325231016839784,-5.95548542407508,0.15838824014336939
SH600886,naive,417,0.17398333822781942,0.26783986916593994,-0.38532977128920365,-6.566436424683359,-0.3889768473723616
SH600887,naive,417,0.17080521815868607,0.2460366838707841,-0.14122867310778608,-5.733223753392594,-0.13225923085685287
SH600893,naive,406,0.22786523198465722,0.29859760136126157,0.26885132932905975,-5.7828164717723425,0.27282591730972217
SH600999,naive,411,0.1900369489216348,0.29237207486127453,0.11980961279970981,-6.548995388799428,0.14228810728108265
SH601006,naive,417,0.17549784408770958,0.2603697700652216,-0.34311300001243406,-7.762227309992743,-0.40676345457707286
SH601009,naive,417,0.2149665433302148,0.30753655031825555,-0.03879013542170684,-6.5669223806395465,-0.04252859560893496
SH601111,naive,416,0.23515129419578656,0.3233876309815083,-0.2965760988258863,-5.778209185801068,-0.2931094055641792
SH601166,naive,417,0.18916134525211376,0.2844763091934851,-0.1731000333919146,-6.841386419265655,-0.18179886153099312
SH601169,naive,417,0.1709987987721075,0.27871177343531606,-0.04419742453800768,-7.963688349347435,-0.033733886516983835
SH601186,naive,417,0.19975708791290134,0.3043744428914188,0.03923161745964976,-6.533225017156468,0.06612319467122685
SH601225,naive,417,0.21410193876465985,0.2942793285618182,-0.25751754338470856,-4.966691142913239,-0.24850825921791042
SH601288,naive,417,0.16571010764180086,0.27108636233556527,-0.1175620483856028,-8.366792176623534,-0.12710922373342992
SH601318,naive,417,0.16362063545831007,0.24396698962465813,0.08977061866415603,-6.7350703296914025,0.08803333295264593
SH601328,naive,417,0.16574082958551578,0.2826022743163332,0.22357674701812524,-8.34460631971621,0.2289164806354248
SH601336,naive,417,0.22186036650732854,0.2967461853354405,0.08145860912731029,-5.560880164457997,0.13374771917172235
SH601377,naive,417,0.24923549376459767,0.33048962197297554,0.1398414089762281,-5.720157896503124,0.14248218625785714
SH601398,naive,417,0.16710404709958127,0.27065077445142066,-0.058564699457459124,-8.127103366358472,-0.07285812977682449
SH601555,naive,411,0.22236060339388286,0.31996308892487235,0.23979825709203095,-5.650998254753144,0.24556373446352542
SH601601,naive,417,0.19208793760564577,0.270992735240494,-0.25630947864434916,-5.7033344762672264,-0.24811363641636497
SH601607,naive,417,0.2410886347359584,0.3274794943237105,0.08205336206526848,-4.684177270160941,0.08840840837878672
SH601628,naive,417,0.19529505643013909,0.2521181676056343,0.13257710343531637,-3.479584015246038,0.1382332182159156
SH601633,naive,416,0.21190056771971477,0.3080632931594965,0.22331750848530874,-5.151377492937057,0.22731331884063544
SH601668,naive,417,0.191364196335507,0.2894216403505245,-0.2560115602979087,-6.984169373721928,-0.23941565358858408
SH601669,naive,417,0.23458161869264535,0.3165832373885576,0.03122155789051484,-6.564409003994422,0.04436599102481209
SH601688,naive,417,0.20921797802298292,0.29189458976277927,0.0779107238088107,-5.947428013060594,0.08968858211329511
SH601766,naive,417,0.18541205985425602,0.28231836977449953,0.03081071476080488,-6.948583894539655,0.061220692677282584
SH601800,naive,417,0.25305229958744163,0.3341919692590384,-0.023259730001441214,-5.986401410740114,-0.01924237180344801
SH601818,naive,417,0.19347408983682973,0.29255911843429083,0.028886706183615107,-7.009885093188306,0.04048780659405726
SH601857,naive,417,0.17795514740792479,0.28296365102119275,-0.1940336111303873,-8.213359921651431,-0.17922298949587612
SH601888,naive,417,0.18489456412022465,0.26812267137783946,0.2982567019056367,-4.62435837513922,0.30677317014349437
SH601899,naive,413,0.2491156424168138,0.3109358545741592,-0.013682497549269756,-4.34855954341763,-0.0847312012159891
SH601901,naive,415,0.2658831328545454,0.3372858980719181,0.07111411617267349,-5.232743907676548,0.0873872562552952
SH601933,naive,417,0.2317991120262418,0.3028558126640844,-0.2454944268589474,-4.896706695901068,-0.25910848834455646
SH601939,naive,417,0.1819513336533258,0.28303587031235794,0.03447362078518856,-7.7997030800946066,0.019906608376722312
SH601988,naive,417,0.16682225568154324,0.2813126132462307,0.022455653947858423,-8.489325928342359,0.03389374687395441
SH601998,naive,417,0.19458586937541997,0.30283341706401223,0.14704359145323442,-7.541047400412934,0.1546605466103801
SH603993,naive,417,0.22796346159211126,0.3127517235510583,-0.04031633829063508,-5.235645910967689,-0.035909149676101926
SZ000001,naive,417,0.0742634145923657,0.20831724831622428,0.02263704930081445,-7.227795950701731,0.04362696844730485
SZ000069,naive,417,0.08345259059154811,0.22634786560481618,0.08075783869933006,-7.295147826370352,0.1313048040915531
SZ000157,naive,417,0.07824046411693249,0.21788876753067254,-0.020248508247915575,-7.129199708257238,-0.18892880101720166
SZ000166,naive,417,0.11387301380720669,0.2666506131429427,0.39355375183317454,-7.358089513180349,0.4118796366409272
SZ000333,naive,406,0.07326000585209354,0.20581149376553765,-0.0010633137806941306,-7.306985455684731,-0.01025267815603259
SZ000338,naive,417,0.07734905325973448,0.21679418748432291,0.10245954933432389,-6.935012538064911,0.09798224242498788
SZ000425,naive,417,0.09202641514422713,0.23516496599749093,0.16093014329234934,-6.969651785036282,0.026909815020406236
SZ000568,naive,417,0.0863226510391332,0.23492548994851564,0.1908969947180439,-6.685979977860839,0.23562984698137612
SZ000625,naive,417,0.0986590434244445,0.24503650030701074,-0.3498717698963554,-6.281415101705115,-0.2553106228627102
SZ000709,naive,417,0.12545530306740957,0.2721208282836864,0.16003755620668825,-7.965350278798613,0.1694953499178048
SZ000725,naive,417,0.11421688197202697,0.25964550419807686,0.1407653351988003,-6.621028379680264,0.12519053546579295
SZ000728,naive,417,0.1218265188976619,0.2651650914418147,0.4444500900813473,-6.8713952703961105,0.4645567983091884
SZ000768,naive,417,0.08289397198454701,0.2260770847992492,0.4936778028870109,-7.035946807973006,0.4956950203400853
SZ000776,naive,417,0.10429218208698057,0.2590825823365493,0.36302430252931783,-7.309798382034008,0.3831209845366518
SZ000783,naive,417,0.11552751033226162,0.260348929733832,0.45418261187197784,-6.942011146153085,0.4735629606602515
SZ000858,naive,417,0.09707418367371975,0.24540270199188444,0.19342469344907787,-6.866185235831035,0.21375502679693692
SZ000895,naive,402,0.08968237228143237,0.24138187483400766,0.2166109656494929,-6.6911850991243265,0.2543535790706586
SZ000963,naive,417,0.12353158194229315,0.2836393793192882,-0.1306699016111832,-6.764333088397694,-0.13704586909572813
SZ002007,naive,417,0.09503014437892834,0.2475774584607867,0.2649299067250772,-6.424010841295204,0.27600416472473255
SZ002008,naive,417,0.07557799093660877,0.22467794686966333,-0.31395973845757363,-6.461333074968393,-0.30729368118756106
SZ002024,naive,417,0.11597704285802166,0.2679230051630734,0.4559253799267421,-7.561398002526047,0.4636903222343951
SZ002142,naive,417,0.07647111198223275,0.20686523470851087,0.09159793666967508,-7.040407596464919,-0.07325299111797312
SZ002146,naive,417,0.07372553289818341,0.21102404722567977,0.23476310869949202,-7.262260776473107,0.26696608579848835
SZ002153,naive,417,0.09954647031903967,0.24703032768613864,-0.2699447245928095,-6.318692229708204,-0.2777631812851078
SZ002202,naive,411,0.08228359737849211,0.22805653073046042,0.012367105396362543,-6.860303676294099,0.009588498368424792
SZ002236,naive,415,0.08724614614420802,0.24457162317026548,-0.07778626385328291,-6.563453222450321,-0.049275334647335356
SZ002241,naive,417,0.07160496199416998,0.2193880791743702,0.0941257262724482,-5.973055574453867,-0.19214629753129175
SZ002304,naive,417,0.0955442784991152,0.24196861235438416,0.15503268664138803,-6.959730091966057,0.17080884221909365
SZ002415,naive,415,0.06818786218776349,0.21135661522389732,-0.06333226959744964,-6.904920490385161,-0.05072344163014031
SZ002456,naive,414,0.29214103751748743,0.3019504686208018,-0.6250948376741887,4.285443574201374,-0.6278185535277199
SZ002475,naive,417,0.05807377113493484,0.19498905541063033,-0.07493864275903839,-6.270233914910692,-0.1250990736661064
SZ002594,naive,417,0.10196078334344343,0.25142320023563824,0.39668016412647533,-6.8044422628299035,0.41277727677777043
SZ002673,naive,417,0.13090724694483077,0.28046275391988873,0.4460187420249413,-6.964558812745176,0.4739405033471771
SZ300124,naive,406,0.06834806834139484,0.20448343405760963,0.1460560637151438,-6.690660916086866,0.18513825846566723
SH600000,har,417,0.1436921966501924,0.2527291852436402,0.15263368689687917,-7.924997629973092,0.16237552522945164
SH600009,har,417,0.14104431505072937,0.24605726409959303,0.19652275203694503,-6.993163352991554,0.20468475573181988
SH600010,har,417,0.16597328318186572,0.28358685308461123,0.18576765374037174,-7.239141098218581,0.1924766073338271
SH600015,har,417,0.14156496073847546,0.257877282293509,0.2822231615397435,-8.614859612704413,0.288048036682616
SH600016,har,417,0.13601134174713142,0.24793128071410814,0.22434259578938254,-8.681993926130259,0.23163936496743753
SH600018,har,414,0.16867249954657546,0.2941795400431607,0.45037856715486757,-7.094671081822035,0.466843024856718
SH600028,har,417,0.14164760641471133,0.253158472998254,0.17342625148833113,-8.627205561117284,0.1428111075073477
SH600029,har,417,0.16687383607048234,0.2876633437806611,0.15619280181580397,-7.243355374215498,0.1619102221694907
SH600030,har,410,0.18830876924118048,0.2987910986226394,0.2654115781993265,-6.998771001501345,0.2723949112295506
SH600031,har,417,0.1418266377518963,0.22827201980695203,0.1523528941789497,-6.756696970644503,0.12993296261125142
SH600036,har,417,0.1239886522855566,0.2183182280288181,0.16922620939731736,-7.577147641926208,0.1722542236637623
SH600038,har,417,0.15365438955296176,0.25990600946800624,0.3227762364458171,-6.935143708134162,0.32910167137099877
SH600048,har,417,0.1411715280269712,0.23512127596113433,0.06299684439510711,-6.840183907003827,0.0650506279409847
SH600066,har,417,0.1809512178806409,0.287789451838967,0.2357572024671305,-6.520238285456171,0.23650357100801078
SH600068,har,417,0.18451664343893026,0.29559276994115175,0.24234724818253184,-7.3905178695100355,0.25493584089300925
SH600085,har,417,0.18118090337834353,0.284055405478142,0.2040793743821736,-7.258717969056727,0.22387862186596885
SH600089,har,417,0.14541782604558917,0.27068774504453924,0.6368216667574403,-7.5032953363440384,0.6441683051161493
SH600104,har,417,0.13826568759532326,0.255149396366483,0.2638421134280641,-7.217018668895445,0.26860106796928684
SH600109,har,412,0.19309636214146209,0.3010111213996569,0.3426528167138848,-6.598872900075526,0.3483691159798613
SH600111,har,414,0.18595126134272663,0.2896168000260621,0.26449948528311507,-6.617244098197587,0.2553050849131572
SH600115,har,416,0.17607146766911796,0.2918555955950973,0.24266960064511756,-7.117249204428858,0.24308550348451663
SH600118,har,417,0.16657860652240852,0.2853469714060568,0.4429363036658772,-6.357646865372556,0.4364862569814284
SH600170,har,417,0.14197280516362187,0.2661556557363006,0.3780729098428295,-7.970341118019871,0.38546445933384466
SH600177,har,417,0.18251322984000304,0.3041750022773329,0.19274898575570698,-7.846139045513352,0.20036276525831587
SH600188,har,417,0.16928033629242387,0.2797585306186142,0.018217029806805285,-7.3957351048426645,0.030625580959554255
SH600196,har,417,0.17659506801567085,0.27581389261464684,0.34142681122060436,-6.485017962062868,0.34400605946633256
SH600208,har,416,0.35565124520317615,0.3774982349572182,0.060159579356248605,-5.980132899817713,0.040225547688323315
SH600276,har,417,0.12840400301486773,0.22383975179416005,0.04677060082665763,-6.9767715572457,0.02356865032137856
SH600332,har,417,0.17052689506657231,0.2473272174492674,0.14766952457081473,-6.542153195122088,0.1504499815974546
SH600340,har,417,0.12943976822951125,0.23741667045096929,0.31966127794857035,-7.272760361876571,0.319154900496338
SH600352,har,413,0.16097342776461326,0.26870923217232734,0.3857047005729438,-6.932781543289449,0.3882778292622765
SH600362,har,417,0.1771211971786746,0.28558471487600917,0.20706458101106318,-7.2776962517005375,0.20189914377769203
SH600369,har,417,0.22187240255763083,0.3324000079731963,0.24406820710847632,-6.714394395176059,0.2557824563056008
SH600372,har,417,0.16654504886055935,0.2808012266983469,0.28795802875072896,-6.8719258763241005,0.2929912654655572
SH600383,har,417,0.14744067926833124,0.2358377942243391,0.08928157184503727,-6.480807635481011,0.09917634341458492
SH600489,har,416,0.15853400270508203,0.27641834775505053,0.08212480198724592,-7.114675763403286,0.09424718340128291
SH600519,har,417,0.1268417602904601,0.22651313136470816,0.19182488522652086,-7.46847118477588,0.19105202544173772
SH600547,har,417,0.1531496873475582,0.2611155568933228,0.107930589985887,-6.921422524006183,0.11301301609203096
SH600570,har,416,0.15653410417215083,0.26282976905304295,0.15071041452573553,-6.462845059161078,0.15614201358464197
SH600583,har,417,0.14348716308378948,0.23455600226011705,0.08003426343033737,-6.884233733975621,0.07746086287215115
SH600585,har,417,0.13766509192072263,0.22430324353741174,0.12062888855424647,-7.192900157148232,0.1217296202935505
SH600588,har,417,0.15786531253053,0.2548925818178757,0.22413316603620792,-6.084000665291396,0.22763867670369908
SH600637,har,417,0.17181841659847188,0.2705882295799809,0.18175508129249107,-6.399345425483879,0.1826874280414269
SH600660,har,417,0.15573268295566933,0.25924088384207505,0.3316715372458525,-7.2378626695488455,0.3354956125601123
SH600674,har,417,0.12933199308206877,0.24383881233267307,-0.10746099686905097,-7.879185854338368,-0.09186759709269343
SH600703,har,415,0.1679836632088402,0.2724344206498671,-0.059591705713908816,-5.859947983820194,-0.05272778952953994
SH600705,har,417,0.1775835283706634,0.2894988535114832,0.3575604336115634,-7.070242505776102,0.3621251836498155
SH600741,har,417,0.14146996475443815,0.23090573952738017,0.07362316497104704,-6.345142423353771,0.06130734399019633
SH600837,har,417,0.1776149120439004,0.2960060398417598,0.29268154971729765,-6.9095775790545435,0.3023999357745836
SH600886,har,417,0.11131989689157058,0.21335594082427792,0.11362335685958957,-7.614368194333801,0.11255796048102973
SH600887,har,417,0.1205976897707145,0.2101999139480612,0.19423104890722576,-7.173611365793169,0.2001789599723922
SH600893,har,406,0.17068692491190843,0.27841528961465556,0.45231873610865125,-6.8549091535094995,0.4516374904855279
SH600999,har,411,0.15592936165030122,0.2667032031178437,0.2777850518770999,-6.924305960654788,0.2868194830160864
SH601006,har,417,0.13178405404518737,0.23386096306506468,-0.008564390648420739,-8.494615003585483,-0.05704212269228481
SH601009,har,417,0.15905426695407276,0.2749390905504718,0.23139665852645097,-7.694538133874138,0.2278126880028637
SH601111,har,416,0.17280585134990595,0.2783879513180155,0.047183910410467655,-6.909254858734564,0.048926461324336645
SH601166,har,417,0.14329120951924915,0.25671236180599444,0.11136748130141216,-7.823525748487092,0.10581594619745738
SH601169,har,417,0.12984301522117278,0.2472342547733357,0.20711874550130838,-8.56355394174873,0.21346598003652761
SH601186,har,417,0.15726522191064227,0.2711491271653185,0.24360404697720617,-7.431598928497035,0.26151683358398436
SH601225,har,417,0.17263185153887325,0.2838269152680551,-0.013944960562639164,-7.230022664568645,0.00015679052872485943
SH601288,har,417,0.12367366705910288,0.23399660242101442,0.16593502558883466,-8.908500058078744,0.15685887671551668
SH601318,har,417,0.11974325601809567,0.2188594456412903,0.333862568500646,-7.813262418532102,0.33359117607517297
SH601328,har,417,0.13761109735580634,0.26736936922276716,0.35535223202033583,-8.843526314004658,0.35519222204090095
SH601336,har,417,0.1512345575990196,0.255791646543455,0.37386202379490485,-7.098902782938459,0.39068200153553057
SH601377,har,417,0.2053660506913349,0.3087744737012447,0.29124311253348945,-6.774594749868734,0.2922554393330453
SH601398,har,417,0.12866432797758043,0.2471226362722323,0.18494184886306886,-8.659996503698434,0.1743441193786054
SH601555,har,411,0.2161396045349799,0.32796440608822613,0.2610664768350279,-6.559457093251437,0.2649709235540495
SH601601,har,417,0.13189668154024292,0.23852930172951975,0.13735837197165013,-7.254443600611113,0.13930935465522754
SH601607,har,417,0.18395287174553895,0.29908718276133806,0.29959817333491645,-6.965299505232147,0.30414590291009325
SH601628,har,417,0.1488848467518983,0.2366455666645512,0.33871277960218726,-6.718270836599065,0.34179531275851316
SH601633,har,416,0.17208736374142042,0.28976508621242486,0.3692454726894714,-6.363967805527991,0.3789650877271399
SH601668,har,417,0.14557642870646473,0.25742446896699467,0.044514695729016895,-7.764709239449671,0.05935809175671036
SH601669,har,417,0.1793555796701164,0.293905347894039,0.2592948244418153,-7.586765520901327,0.26797321109834815
SH601688,har,417,0.16651451383884103,0.2772028198235902,0.2661182896810238,-7.082195823003366,0.2706087169656053
SH601766,har,417,0.1430221556289138,0.2567216237801251,0.2523919916734907,-8.00969649641494,0.2677793681761309
SH601800,har,417,0.1905924394595219,0.304282920542455,0.22930726786667355,-7.393527293756162,0.2379203205586311
SH601818,har,417,0.1476044391223994,0.2521545023172302,0.2591223290986274,-7.752559509962779,0.26330442137633925
SH601857,har,417,0.1388111497710332,0.2524641746582315,0.06861262042433758,-8.664532179764558,0.08058751617568882
SH601888,har,417,0.1425519975068681,0.23787002175297184,0.4589624126788119,-6.498056862327301,0.46442918755361906
SH601899,har,413,0.1731994914113868,0.27742132658751884,0.2952297522353097,-6.821655918141036,0.2481302413169888
SH601901,har,415,0.20993288083762887,0.30650624243916025,0.2665811950246695,-6.698021313140633,0.27342214149047717
SH601933,har,417,0.156243793588617,0.2548661574246557,0.16047661941046776,-7.060136288481574,0.1615241527141711
SH601939,har,417,0.13959044328973372,0.25084991080296715,0.2592620643313239,-8.336620696265165,0.24787642058561543
SH601988,har,417,0.1304396101805325,0.2521027880590227,0.23565052569102563,-8.924802085362552,0.24226220502124585
SH601998,har,417,0.1576464867011405,0.27475205991564156,0.30896533469657006,-8.123548329491015,0.31583835081895584
SH603993,har,417,0.17713085401195175,0.28764090601044184,0.19165939946235877,-6.736902389557511,0.1954032116810609
SZ000001,har,417,0.0651330361867909,0.1926938012651732,0.14279976506678294,-7.243774783320968,0.1623950050883889
SZ000069,har,417,0.06537829322538212,0.2000312863723559,0.2798487962968539,-7.341243706586475,0.30110728720126756
SZ000157,har,417,0.06001043522127474,0.18721362029008448,0.21746940403739834,-7.162217217347328,0.0909917501111317
SZ000166,har,417,0.11331124888133733,0.2615174441111493,0.39654550747619266,-7.33110165086167,0.4051981053354874
SZ000333,har,406,0.056297188376884105,0.19040525496442962,0.2307255603162217,-7.365097260865466,0.2246509284280913
SZ000338,har,417,0.058256016366645805,0.19140425620662407,0.32401071532021797,-6.977850214749059,0.3142290711363367
SZ000425,har,417,0.07681302748036183,0.21398206172688305,0.2996413490602964,-7.0037064454341245,0.18479333422660538
SZ000568,har,417,0.06800733830527353,0.20719685119763803,0.36256659009373216,-6.727403370111012,0.3881235011644294
SZ000625,har,417,0.08637683934834621,0.23133567437115965,-0.1818243210365058,-6.278658646535453,-0.09492787374771128
SZ000709,har,417,0.19030840727646797,0.37831984073678643,-0.2741742353008656,-7.9897008628894755,-0.24954065569259964
SZ000725,har,417,0.1003245061066228,0.24527290959314338,0.2452753753426582,-6.6563109485280005,0.21749748935079405
SZ000728,har,417,0.12020182189921005,0.2726531986701459,0.451858988236709,-6.90826097700025,0.4681775997722527
SZ000768,har,417,0.08054410864352265,0.2243660606813324,0.5080309330514639,-7.027727840489633,0.5053517742518983
SZ000776,har,417,0.09632985263842235,0.23994883491835883,0.41165508436257925,-7.315107592611525,0.4162526746879127
SZ000783,har,417,0.12215839489647845,0.2763074175837619,0.42285455777118275,-6.922224163043016,0.43081346024230094
SZ000858,har,417,0.07689598090306911,0.21744348427357452,0.3610824523861772,-6.905079214755752,0.3771159992498325
SZ000895,har,402,0.0721955665315529,0.21185661503814288,0.36936084861739893,-6.7214480614965355,0.38866160479942014
SZ000963,har,417,0.08975407267515378,0.23537840267894858,0.1784916300333158,-6.820768034866233,0.16900717701591905
SZ002007,har,417,0.07580427789746692,0.21631476481697,0.413644396850094,-6.459951939149534,0.4189112590806975
SZ002008,har,417,0.05614746345417796,0.19273254444683452,0.02384933125323163,-6.501238205270942,0.029282557225352446
SZ002024,har,417,0.10502697792905157,0.2604339602627268,0.5072946187794711,-7.6205013813229705,0.5151470836552197
SZ002142,har,417,0.057981680269445356,0.17768350382554846,0.3112343128427264,-7.085875153139984,0.1945712611091015
SZ002146,har,417,0.0662222102984053,0.20655470049772442,0.3126441227114032,-7.310344070460878,0.3343702477659708
SZ002153,har,417,0.08230384154340961,0.22231822439805085,-0.04997524318835023,-6.343714109881336,-0.0682449586563394
SZ002202,har,411,0.06255103218183841,0.2031934565177746,0.24921297874195525,-6.905513829518089,0.23373640025934872
SZ002236,har,415,0.0684682759137003,0.21416326954370374,0.15418421843493968,-6.598650198628733,0.16664758240626476
SZ002241,har,417,0.05732878334593657,0.19280150789855485,0.2747336423219834,-5.993276867123374,0.04674164522881219
SZ002304,har,417,0.07230409561762695,0.2133744943598451,0.3605624703166689,-7.013896488732803,0.37092932853352956
SZ002415,har,415,0.05382713859897914,0.184869034776402,0.16061111734545375,-6.9308408304233025,0.1703270480926048
SZ002456,har,414,0.19667813723624325,0.26127710872493626,-0.09406274524804537,-5.799543665965513,-0.09380839900007887
SZ002475,har,417,0.04768476311715857,0.1759380436227931,0.11736066827232738,-6.288536461244156,0.06923842414494197
SZ002594,har,417,0.08240959899052866,0.22633558144821847,0.5123679506276966,-6.852374579371543,0.5226176701410208
SZ002673,har,417,0.14481182670300857,0.29376215303942893,0.3871764948169151,-6.909205551945416,0.39731850882341824
SZ300124,har,406,0.046998531722104074,0.1671522707340079,0.41279816456677965,-6.736966965950182,0.434165930811914
SH600000,har_x,417,0.14185782380643697,0.25099792034702023,0.16345115499678964,-7.964479282620368,0.17270810781061863
SH600009,har_x,417,0.14063861747095183,0.24569640863108355,0.1988338609589012,-7.014378479807772,0.20652579501834412
SH600010,har_x,417,0.16341597936615598,0.28169356741298257,0.19831328425418415,-7.273835885811154,0.204940195495802
SH600015,har_x,417,0.14009832981502374,0.2562137857733116,0.2896594204976928,-8.635867252641663,0.2954046841011353
SH600016,har_x,417,0.13430223071598385,0.24704120423531847,0.23408946402035946,-8.710271671375352,0.24128869542837572
SH600018,har_x,414,0.162886847777369,0.29315608695804884,0.46923118523951357,-7.257457789940523,0.48517206190366946
SH600028,har_x,417,0.1418025406395964,0.2539550147199902,0.17252214469628924,-8.658157867398222,0.1411424572634803
SH600029,har_x,417,0.16551503667307138,0.2868338229985314,0.16306364951381835,-7.289233304757434,0.16961197188046329
SH600030,har_x,410,0.18587453476496626,0.29862804080797606,0.2749074740589865,-7.038801542767607,0.28157617851871874
SH600031,har_x,417,0.14100635733276393,0.22609396581588662,0.15725541696494127,-6.770427091262703,0.13481562597577923
SH600036,har_x,417,0.12422173440385798,0.22133208812126912,0.16766446554920322,-7.590892963791024,0.17098444704997662
SH600038,har_x,417,0.14968782726846416,0.2571442344484757,0.3402586542699668,-6.975841450938815,0.3467796239075338
SH600048,har_x,417,0.14077815699118693,0.23574107520927204,0.06560778094162512,-6.884743229714926,0.06791407358687074
SH600066,har_x,417,0.17740263423276487,0.28769827465782477,0.2507445538986144,-6.616123638786782,0.25142587483721845
SH600068,har_x,417,0.18212967594975477,0.298201815053222,0.2521484913276859,-7.478667984791009,0.2646133650877337
SH600085,har_x,417,0.1791473910305016,0.28063265101641,0.21301251462994097,-7.280952823871134,0.23242530270712614
SH600089,har_x,417,0.14359351055280534,0.269942534031889,0.6413778609875074,-7.530606387993199,0.6485874379814094
SH600104,har_x,417,0.1375084576756332,0.25446108872021,0.2678737772994332,-7.267053674305679,0.2725694736948431
SH600109,har_x,412,0.18827085930816215,0.2977108352691166,0.3590800070567305,-6.649976838076248,0.3649753661614463
SH600111,har_x,414,0.1833383167691351,0.2875105010846301,0.2748345702130375,-6.658148948843967,0.2657337126692123
SH600115,har_x,416,0.17355543380566815,0.29003182181828857,0.2534917341561399,-7.188222310031038,0.2545052666360653
SH600118,har_x,417,0.152105969266741,0.27027996983989183,0.4913349604541398,-6.447205215047518,0.4856944069513396
SH600170,har_x,417,0.13849117018102527,0.2632094656919386,0.3933245850578131,-8.00677747146734,0.4002542153990898
SH600177,har_x,417,0.18044148179096142,0.30177710354919246,0.20191227060532335,-7.863489111388986,0.20956276673474972
SH600188,har_x,417,0.16965264166529173,0.28064385310834833,0.01605775317256175,-7.429969037583258,0.02884733558932695
SH600196,har_x,417,0.17111981603255744,0.2692914565985001,0.3618455816789601,-6.531449734668832,0.3651498187756821
SH600208,har_x,416,0.34783371301226984,0.3696730354896227,0.0808181116734914,-6.3844412502487735,0.0617014014718571
SH600276,har_x,417,0.12760135442473905,0.22411004512497346,0.05272920192437491,-7.021990964447401,0.03153735844797467
SH600332,har_x,417,0.16786764136310997,0.24610859636374813,0.16096105241147618,-6.684563149524457,0.16620242515901407
SH600340,har_x,417,0.1292378804481743,0.23796727342710208,0.3207224052746719,-7.280888046944303,0.32066982000551747
SH600352,har_x,413,0.1541810435624995,0.2619839753286022,0.41162531209997444,-6.999677551286387,0.4143444876104757
SH600362,har_x,417,0.17469179379157743,0.28449879228242303,0.21794052371767103,-7.342213712213388,0.2134255362351397
SH600369,har_x,417,0.21664430548901714,0.3317458098390929,0.26188062877485063,-6.766275749921044,0.27306114630094
SH600372,har_x,417,0.1643023514491396,0.27773135571476604,0.2975463935605406,-6.8959162865456065,0.30239021828337964
SH600383,har_x,417,0.14713622948423205,0.23827664516267494,0.09116211139628483,-6.560095298731638,0.10122829345886364
SH600489,har_x,416,0.15949127332470114,0.27640643246247065,0.07658242656908887,-7.12657766071758,0.08845974520020872
SH600519,har_x,417,0.12670723378439258,0.22610390280654402,0.19268202387101951,-7.481647628121541,0.19198167962918888
SH600547,har_x,417,0.15362450232745054,0.2611832667867786,0.10516487804540386,-6.9405517993866175,0.11030062249396988
SH600570,har_x,416,0.15496943595471657,0.26176121871009583,0.15919965991297758,-6.485759250219191,0.16424134978682714
SH600583,har_x,417,0.14315808417829354,0.2352129258793066,0.08214414776547696,-6.95959292272109,0.078564496160907
SH600585,har_x,417,0.13806583025207578,0.22462441138708228,0.11806906959851671,-7.200037246705722,0.11925864356046478
SH600588,har_x,417,0.1589871137181943,0.2565094032011451,0.21861980580615992,-6.102969586875221,0.22188581169125932
SH600637,har_x,417,0.16672920713264677,0.268209254460018,0.20599124798573354,-6.692023306613522,0.2065704311351012
SH600660,har_x,417,0.15444843470404826,0.2598055027064868,0.33718290225614345,-7.266109185479974,0.34079527049152714
SH600674,har_x,417,0.1261593746304291,0.24167843337475295,-0.08029408240799829,-7.933916003239393,-0.06646162717621928
SH600703,har_x,415,0.16808095177846588,0.27586376790924105,-0.06020537349247124,-5.880776230434902,-0.05121693546400996
SH600705,har_x,417,0.17227500873408105,0.28701995898446175,0.3767649346414792,-7.127758774691546,0.3818212028724184
SH600741,har_x,417,0.14362477921009723,0.23480244083167803,0.0595129600312706,-6.389561416839223,0.04727438636107928
SH600837,har_x,417,0.1780680349724127,0.2969312205177974,0.29087707168167154,-6.912319800388944,0.3006954907593017
SH600886,har_x,417,0.11181276179181057,0.214633313710749,0.1096989556699085,-7.61377073498078,0.10941447573282659
SH600887,har_x,417,0.11962133818452228,0.21030422309827218,0.20075450549250207,-7.223836217521714,0.20624646362978472
SH600893,har_x,406,0.16451638257181825,0.2712324789671639,0.4721180876375386,-6.951732577358244,0.4723843435119669
SH600999,har_x,411,0.1537768073587911,0.26661586153593714,0.28775499512269076,-6.959403989479981,0.29706826653538454
SH601006,har_x,417,0.1302757865585109,0.23310449400586758,0.002978621058542519,-8.537007924156924,-0.04439899484813714
SH601009,har_x,417,0.15794229760435455,0.273484799846352,0.2367700658180414,-7.7185535365963185,0.2326668987088465
SH601111,har_x,416,0.1712721004664328,0.2777839349050545,0.05564069881074163,-6.9864222267410945,0.05824700782300374
SH601166,har_x,417,0.142403976084902,0.2573456285571885,0.11686973425944591,-7.853603753076563,0.11126535828211204
SH601169,har_x,417,0.1282153336594564,0.24515234096775515,0.21705811880051695,-8.601667315600075,0.2230949420244145
SH601186,har_x,417,0.15480100946274708,0.2682159088199035,0.2554561290862142,-7.490891438946452,0.273098571382164
SH601225,har_x,417,0.17346382062941115,0.2861293915076771,-0.01883149140370355,-7.282320337095999,-0.00399555449218747
SH601288,har_x,417,0.12167543120146106,0.23164457914591507,0.17941128596910638,-8.93207515378255,0.16999303605049398
SH601318,har_x,417,0.11851426584518392,0.2165443660427327,0.3406994993170058,-7.831548222181311,0.34034860924852706
SH601328,har_x,417,0.13875944710112165,0.2717559785107219,0.34997271601906843,-8.876475988744174,0.3508519209033112
SH601336,har_x,417,0.1523117794772607,0.25817460309029006,0.3694021335590101,-7.114650863154091,0.3880021728936516
SH601377,har_x,417,0.2031943639055248,0.30971001447930857,0.29873801230724184,-6.829240304494243,0.2993204930715613
SH601398,har_x,417,0.12677452700945857,0.24458255901290624,0.19691329197636576,-8.68217415315447,0.18682518022866257
SH601555,har_x,411,0.213603084753387,0.32587935371759214,0.2697382771875023,-6.586101793919607,0.2733760067215518
SH601601,har_x,417,0.1316940176508293,0.23776170683966255,0.1386838511684334,-7.267656646145623,0.14030336512716768
SH601607,har_x,417,0.18095412549360712,0.29685107533902866,0.31101592035146486,-7.059399771517608,0.315958212534178
SH601628,har_x,417,0.14717286204322963,0.23694197184652407,0.34631673416208697,-6.825722719011871,0.3500877474451438
SH601633,har_x,416,0.17484883536320872,0.29236196073158616,0.35912380721902015,-6.390865942454965,0.3700972806878151
SH601668,har_x,417,0.1431529520696832,0.2555416039394043,0.060421091649457526,-7.825935757856783,0.07502612416743837
SH601669,har_x,417,0.174805774282499,0.2904939047232145,0.278084674217268,-7.626525089315372,0.28653788821041304
SH601688,har_x,417,0.16633181892053664,0.2783642709074565,0.2669234835108035,-7.097554780103775,0.2713684437484559
SH601766,har_x,417,0.13764654374795154,0.2518951215169715,0.28049148768647103,-8.074160288570896,0.29198261759302524
SH601800,har_x,417,0.1895651992624346,0.303678590757739,0.23346108716976566,-7.433244273521804,0.24217951123002313
SH601818,har_x,417,0.14554409105112245,0.25149673589645866,0.26946392782946216,-7.7848216072439484,0.2737587895327541
SH601857,har_x,417,0.1373205323052085,0.25014681712931847,0.07861428309865615,-8.709324326032078,0.08992663800044987
SH601888,har_x,417,0.14141676786653135,0.2458203131339831,0.46327102929874875,-6.610773667787463,0.4713112883364322
SH601899,har_x,413,0.17800176142361293,0.2885164467505938,0.2756887189518421,-6.906904791990416,0.2274565857684887
SH601901,har_x,415,0.20782115827497255,0.3061960151511464,0.2739586817345323,-6.753474656516108,0.2812589555950281
SH601933,har_x,417,0.15624507022711318,0.2573928005569144,0.16046975982365486,-7.087274295687904,0.15911414595069495
SH601939,har_x,417,0.13952796772306145,0.25063403957688263,0.2595935914845868,-8.356302710458301,0.24909117307540962
SH601988,har_x,417,0.12866151180156737,0.250233331411124,0.2460698190280005,-8.954134303862448,0.2520011399868869
SH601998,har_x,417,0.156240258402604,0.27558069895936926,0.31512945875638254,-8.162955977698868,0.321740054720035
SH603993,har_x,417,0.1651965443095094,0.28209493814061654,0.24612188780571387,-6.899807615971421,0.2519036593233882
SZ000001,har_x,417,0.06584306061361819,0.19378186775626896,0.1334553042352744,-7.241031749019876,0.1534210038129613
SZ000069,har_x,417,0.06826990154497765,0.20536995098895072,0.24799731915877699,-7.341484189546355,0.2701374874124729
SZ000157,har_x,417,0.05921267290548191,0.18785638452773917,0.22787215179471754,-7.172925793371906,0.10027104601703662
SZ000166,har_x,417,0.11215068844624271,0.2605838694896655,0.4027262301786373,-7.340447235016611,0.41132452747989856
SZ000333,har_x,406,0.05589808646711525,0.18939124164899765,0.2361790990606224,-7.367216258568268,0.2298453497027524
SZ000338,har_x,417,0.058837702640391204,0.19168842965648208,0.3172609628891141,-6.976665264233142,0.3059223171011378
SZ000425,har_x,417,0.076313665587239,0.21554369566609613,0.30419438431056833,-7.009144401059525,0.19262022113458577
SZ000568,har_x,417,0.0668714982100425,0.20771029214507852,0.37321282979453274,-6.744055461825767,0.40118380250049823
SZ000625,har_x,417,0.09871075207587023,0.2513026742142165,-0.3505792574858988,-6.251063496618367,-0.2645986646222711
SZ000709,har_x,417,0.1855661720074757,0.37010165843046905,-0.24242348879439635,-7.994791677031122,-0.22001419256934773
SZ000725,har_x,417,0.09757550302066345,0.2422628415572921,0.26595566974677476,-6.666410388491698,0.24305620005441575
SZ000728,har_x,417,0.11716145844729907,0.2711669004773221,0.4657235692582514,-6.926426445504516,0.48234716519607523
SZ000768,har_x,417,0.07808372918631609,0.22248058683672103,0.5230591034078889,-7.036453220278667,0.5223868149326667
SZ000776,har_x,417,0.09501607672790512,0.2391619505528591,0.41967911176497796,-7.323394453069739,0.4243512772860044
SZ000783,har_x,417,0.1203204110122066,0.2748410601518213,0.43153823458763463,-6.934039802144448,0.43937773297221505
SZ000858,har_x,417,0.07513809238983071,0.21641879615442203,0.3756884929706983,-6.9203104211572555,0.392342637771842
SZ000895,har_x,402,0.07420425688296016,0.21502136856457563,0.351814635747828,-6.714122447883633,0.3709993689269486
SZ000963,har_x,417,0.08934529407491852,0.23452962125426716,0.18223313202367064,-6.823478218274453,0.1757149805571362
SZ002007,har_x,417,0.07876012090475192,0.22089416351779728,0.39078058022357953,-6.45173414033579,0.40087882670301966
SZ002008,har_x,417,0.055868113655750604,0.1923777683557084,0.028705961914235356,-6.501620233575919,0.0351105986897543
SZ002024,har_x,417,0.10415637429075011,0.2589990750194054,0.5113788179629519,-7.624638526649614,0.522143812417759
SZ002142,har_x,417,0.058105097237588825,0.17835446338272554,0.3097682398956304,-7.0850675098707345,0.19326017995538025
SZ002146,har_x,417,0.06941253858807368,0.20819815402932335,0.2795299924142989,-7.303558848693589,0.29693909760791626
SZ002153,har_x,417,0.08037210494619776,0.22136359602573413,-0.02533148944128394,-6.369373989992222,-0.04404440039447666
SZ002202,har_x,411,0.06220569954916488,0.20247989137771732,0.2533579344618616,-6.905798671789061,0.23863987322274105
SZ002236,har_x,415,0.06818425975444757,0.2134350085328124,0.15769278275191256,-6.599459905916829,0.1702831716004558
SZ002241,har_x,417,0.05751451253531572,0.19332323988560512,0.27238398260772323,-5.992143712707424,0.04282837782273241
SZ002304,har_x,417,0.07236308233803718,0.21343553464076775,0.3600408079895069,-7.0141280954349705,0.37130252137556385
SZ002415,har_x,415,0.053889719001369,0.18548503993210827,0.15963522868769986,-6.9312726288198645,0.17138708110169332
SZ002456,har_x,414,0.19572957365131724,0.2623402432612064,-0.08878616446306498,-5.848776972372707,-0.0883286849596383
SZ002475,har_x,417,0.047269720585600916,0.1746768633325736,0.12504305649752534,-6.289701018484255,0.07579851517589942
SZ002594,har_x,417,0.0810613133786836,0.224266535111573,0.5203459930414057,-6.857849495473548,0.5304973812477909
SZ002673,har_x,417,0.14294172649386583,0.29416379532249803,0.3950904987439622,-6.92124131181779,0.405150359565158
SZ300124,har_x,406,0.04800195841917832,0.16916115898079248,0.4002613048680844,-6.733233824574719,0.4206151490928465
SH600000,ewma,417,0.16031541887304196,0.27623409461197895,0.05460499184420986,-8.050046821207,0.06269006017777623
SH600009,ewma,417,0.13382055847759441,0.2399986730079902,0.2376738189853005,-7.1814319782154685,0.24298694449844704
SH600010,ewma,417,0.17745378527480762,0.2984863001530583,0.12944656412782363,-7.325068363530682,0.1324426121719955
SH600015,ewma,417,0.20067781210269672,0.32699482860941,-0.017496736260149914,-8.53744150204411,-0.014360385730574743
SH600016,ewma,417,0.15846298391573801,0.28531635861252796,0.0963034024319337,-8.734319830653353,0.10162634139440907
SH600018,ewma,414,0.18882700339442648,0.321212409596786,0.3847048662675463,-7.3704833854916005,0.4022731031283957
SH600028,ewma,417,0.19819702177879736,0.32777974575873847,-0.15656352678427488,-8.679533021198226,-0.20472386818171762
SH600029,ewma,417,0.24321541598809684,0.36849654015079647,-0.22983280994054822,-7.326467458033952,-0.21142316755447044
SH600030,ewma,410,0.2268116342689758,0.3308731200759729,0.1152127373830103,-7.1295121670242265,0.119051102706071
SH600031,ewma,417,0.1429454501964255,0.231247438180852,0.14566615221288315,-6.880896817433733,0.14695867143215635
SH600036,ewma,417,0.1377975949297068,0.2326711268625405,0.07670074506470703,-7.633399012946901,0.07800616694818363
SH600038,ewma,417,0.14869325943524517,0.26710922020304917,0.3446421604820711,-7.072820847805843,0.34624766460303724
SH600048,ewma,417,0.13080544745905479,0.22640997678663324,0.13180002545535963,-7.099704594139381,0.1353259126354397
SH600066,ewma,417,0.18327926015843973,0.3163504809767076,0.22592477600436212,-6.8846920810340935,0.2300825379812691
SH600068,ewma,417,0.23789017306342963,0.37033786573088645,0.023187605775546904,-7.566541359138917,0.02041719250350238
SH600085,ewma,417,0.18097850709866056,0.2756981212869649,0.20496849332652267,-7.531476774705057,0.20797347603738336
SH600089,ewma,417,0.1670451507496154,0.304381955896775,0.5828078229798457,-7.546822725283206,0.5890771555803227
SH600104,ewma,417,0.13978411822885192,0.26390223711702676,0.2557576442764974,-7.405015523516355,0.25628128750507106
SH600109,ewma,412,0.18052206795855932,0.2991256902856666,0.3854587855642285,-6.864598152497921,0.39826803800357846
SH600111,ewma,414,0.1810654999423682,0.30625549864814716,0.2838243341644807,-6.969580522159809,0.3000112742921266
SH600115,ewma,416,0.2252298556812742,0.34832554779598024,0.03122624688804343,-7.26512190548728,0.04912577910835758
SH600118,ewma,417,0.12328979744739996,0.26120226161010435,0.5877005353800047,-6.678255663194006,0.5880458113739865
SH600170,ewma,417,0.16783704373253933,0.2962049083578809,0.26477184057284386,-7.990086394064991,0.28209042822997654
SH600177,ewma,417,0.19856298513224283,0.3255845608673011,0.12176135790324338,-7.960436814932565,0.1279556277579984
SH600188,ewma,417,0.24305448403056085,0.37000001378103825,-0.4096542958071745,-7.449262202901757,-0.36547333618347055
SH600196,ewma,417,0.1684174435745572,0.2676540799493428,0.3719234964640825,-6.722723867647371,0.3761438130941974
SH600208,ewma,416,0.324755816006476,0.36854399129752313,0.1418035313002599,-6.987196700755522,0.16109678449019493
SH600276,ewma,417,0.12773845376686865,0.22211112023356383,0.05171142116632388,-7.175617663735498,0.030152401418979236
SH600332,ewma,417,0.15262173591606365,0.24869741594950973,0.23716340062731878,-7.321938302501684,0.23873391221612383
SH600340,ewma,417,0.16430975374358628,0.27823442454184855,0.13638374503045336,-7.206483695859542,0.1933360883144295
SH600352,ewma,413,0.1815738909367739,0.27931515358681447,0.3070906841578671,-7.084736408785218,0.3268303204501767
SH600362,ewma,417,0.201019921065634,0.3114211880034109,0.10007487599291842,-7.443036872392417,0.14930296787664232
SH600369,ewma,417,0.2225890116150099,0.3357538661250774,0.24162667962104512,-6.834634534156507,0.27221218368695554
SH600372,ewma,417,0.17340865719530918,0.28236272771137305,0.25861355263454,-6.969055866295247,0.26271602994042165
SH600383,ewma,417,0.1359231362435242,0.23108934489219882,0.16042366595238855,-6.8232431784399665,0.1642118134328152
SH600489,ewma,416,0.18256354055126264,0.3068635927121133,-0.05700066278606597,-7.211224390862856,-0.023594145717046766
SH600519,ewma,417,0.14261042163253898,0.23315335851626767,0.09135450653754573,-7.543325371143519,0.08957083237416508
SH600547,ewma,417,0.19805409001057855,0.3085810827669111,-0.15362948685403088,-7.0348506494890595,-0.12801508469947898
SH600570,ewma,416,0.16096026879484382,0.2812623671754894,0.12669586806298094,-6.639826025715728,0.12719225228690634
SH600583,ewma,417,0.15067496463478686,0.26265224151513844,0.03394978447023356,-7.181788416106377,0.06458177172562907
SH600585,ewma,417,0.1347207662332539,0.22667366644383352,0.1394365246522825,-7.3171188778894924,0.14811543625407386
SH600588,ewma,417,0.1611685487081979,0.26554494245674765,0.20789862182937824,-6.272927401610855,0.21249050000627812
SH600637,ewma,417,0.15054099047581163,0.27439357289166605,0.28308383377848045,-7.4058176521565855,0.2940292812839038
SH600660,ewma,417,0.16236923158123964,0.283334304492478,0.3031907183404008,-7.338810237029124,0.30569896215166537
SH600674,ewma,417,0.12135039336121652,0.2327365797444685,-0.03911510523916073,-8.086903936369758,-0.02772175296282131
SH600703,ewma,415,0.14419241470439328,0.25404643008982863,0.09047651581636063,-6.040173769340358,0.09354544516980079
SH600705,ewma,417,0.18079981009163043,0.2945746339995555,0.3459249702712459,-7.197756812143401,0.3516206635312733
SH600741,ewma,417,0.1271639478385907,0.23341933410489754,0.1673021497320698,-6.654076698123642,0.15972442913725615
SH600837,ewma,417,0.20156028025637698,0.3192390131217889,0.19732356124327044,-6.961076363875926,0.21875525942770302
SH600886,ewma,417,0.1231563841976559,0.22925832854219141,0.01937618112638584,-7.614345627203363,0.03863424359505685
SH600887,ewma,417,0.1252384623533446,0.22620165300958464,0.16322390056735747,-7.337111594307393,0.16603114281473963
SH600893,ewma,406,0.16597857158802753,0.275038630253431,0.4674263777783396,-7.084559037165028,0.4666442092089682
SH600999,ewma,411,0.15269154158275977,0.28787148605565704,0.29278159920700564,-7.071752111520983,0.30322678457876173
SH601006,ewma,417,0.16026860059653705,0.2771413750012076,-0.2265611698764134,-8.616476532250266,-0.278799525642226
SH601009,ewma,417,0.17537082520277572,0.28510584076022716,0.15254959939711554,-7.782867158168033,0.14380777616944063
SH601111,ewma,416,0.22389389554668526,0.33811453020067855,-0.23450510715519224,-7.143909325628991,-0.21173022151504073
SH601166,ewma,417,0.157333973052653,0.27495573407971746,0.02428009910926876,-7.937970544680874,0.012937967335485134
SH601169,ewma,417,0.16673613972911164,0.29781353544972233,-0.01816766511079715,-8.606152926958401,-0.018694020296239344
SH601186,ewma,417,0.1772958479378399,0.31083305933152755,0.14726307419624296,-7.602424325983967,0.17083400070070132
SH601225,ewma,417,0.18529948086780365,0.312049642224493,-0.08834767828737,-7.539996166875757,-0.05555517104786034
SH601288,ewma,417,0.14461902907632856,0.2735620790561987,0.02467785055430427,-8.970155517743285,0.008910513107085682
SH601318,ewma,417,0.1480955776752359,0.27925130603120396,0.1761372539085928,-7.90912060833673,0.18431662667099635
SH601328,ewma,417,0.18787960005188764,0.32862889647239396,0.11986629603567356,-8.854183273382686,0.11090357710542809
SH601336,ewma,417,0.21538108181514953,0.3367817787564348,0.10828400055123388,-7.161472765825626,0.1775274750783017
SH601377,ewma,417,0.2232344904745843,0.330557814995113,0.22957576429347681,-6.967445666046742,0.23889930707017437
SH601398,ewma,417,0.17121211873732725,0.30608190268385227,-0.08458836371957501,-8.666520181418251,-0.10689684461468096
SH601555,ewma,411,0.2363110623751901,0.35149776149606654,0.192104722040904,-6.683628113099224,0.20453625300221256
SH601601,ewma,417,0.16703517733186338,0.2774517090654901,-0.09245733576397108,-7.305961963397185,-0.08609756123993062
SH601607,ewma,417,0.19765994335566775,0.3289533135133039,0.2474084037332569,-7.319211162167026,0.2492182732506083
SH601628,ewma,417,0.17026571215904443,0.2764190652590992,0.24374748687261572,-6.9927033115587145,0.2454577757510752
SH601633,ewma,416,0.21192273169747827,0.32452877811370734,0.22323627050819306,-6.297317034078062,0.24425986296933144
SH601668,ewma,417,0.14084300349781959,0.2511047713994748,0.0755823504717068,-7.929080921790299,0.07592675010883332
SH601669,ewma,417,0.19812192835128603,0.31312484970051124,0.18179329580223613,-7.6289632593948955,0.1939123771387019
SH601688,ewma,417,0.2269813610266277,0.3484696447523807,-0.00037807876597750756,-7.1109155123924985,-0.0011049463953747285
SH601766,ewma,417,0.14209856530284856,0.26912772429447646,0.2572197997927501,-8.173998590639433,0.2550635098666044
SH601800,ewma,417,0.2678675153559748,0.3881375977390536,-0.0831675581932334,-7.434359769011341,-0.08887568519327682
SH601818,ewma,417,0.16823889524917368,0.28272331564067027,0.15555086548672348,-7.795567840052602,0.1645098182496304
SH601857,ewma,417,0.19766423651819479,0.3135179023399923,-0.32627656776979896,-8.77451760855436,-0.3311057791113863
SH601888,ewma,417,0.14245651975490148,0.24016335235340042,0.45932478608269467,-6.737745946114287,0.4625146275188238
SH601899,ewma,413,0.194912170562014,0.3134395793120908,0.20687816332517783,-6.9744684659940654,0.2585735097115377
SH601901,ewma,415,0.2505933349747457,0.3409189247427416,0.1245303568519518,-6.8224803746244165,0.19337384181272843
SH601933,ewma,417,0.17609849773250089,0.2695250808065227,0.053794056470618856,-7.120545256103259,0.12317350913161318
SH601939,ewma,417,0.1779518158637869,0.30524204573320624,0.0556970977029031,-8.336383361899015,0.03803424365158392
SH601988,ewma,417,0.15716726668457554,0.29786977912363394,0.07903191750827043,-8.941758181049162,0.0796519069317494
SH601998,ewma,417,0.2116166465430914,0.34057416719219247,0.07239012060088357,-8.09928470149176,0.07518487840671906
SH603993,ewma,417,0.1742256354378161,0.31238321669197094,0.2049174291828696,-6.985727595700048,0.22569737193738648
SZ000001,ewma,417,0.07078171173920748,0.2011887630331498,0.06845890374555064,-7.2269471460049255,0.08126090843100742
SZ000069,ewma,417,0.0746865710704719,0.21623064791122232,0.177316791194857,-7.353045343133565,0.211172506711506
SZ000157,ewma,417,0.052473861937093115,0.17947732876393874,0.3157456315275078,-7.1941708060002085,0.21327901960746987
SZ000166,ewma,417,0.12189795321920835,0.27198278181259256,0.3508158437418504,-7.33243201518174,0.37302853973324945
SZ000333,ewma,406,0.06207482410142369,0.19809431123210086,0.1517769020823917,-7.36248471133026,0.14318359964713756
SZ000338,ewma,417,0.06258394523796239,0.20152135000402085,0.2737904338053746,-6.974655406242744,0.25571980646435344
SZ000425,ewma,417,0.08846615865673804,0.22241587451506756,0.19339151751971817,-7.01110357549727,0.24225138765770393
SZ000568,ewma,417,0.07162589042085574,0.21316873825283458,0.32864986770113935,-6.752482752813813,0.354690314763777
SZ000625,ewma,417,0.1426928417578923,0.3045213709433388,-0.952350561788869,-6.045204719641772,-0.5436125586182772
SZ000709,ewma,417,0.15396875960672585,0.3383707486889378,-0.03086894236427762,-8.015728278883312,-0.027375326557796065
SZ000725,ewma,417,0.10094944170619308,0.2587201588329707,0.24057408844751593,-6.680954982116337,0.22635086540014382
SZ000728,ewma,417,0.12479321896805708,0.27862260989339105,0.43092142676750667,-6.933354303593165,0.45280767992827264
SZ000768,ewma,417,0.10235200742875204,0.26485402228715216,0.37482675712642277,-6.989399316371032,0.38433215502016405
SZ000776,ewma,417,0.1278289760065658,0.2760830515364017,0.21927080707893265,-7.264606880826127,0.226888316961808
SZ000783,ewma,417,0.13749682322926732,0.29648626628933133,0.350387135366653,-6.908613998458851,0.36829464176565296
SZ000858,ewma,417,0.06916295562587949,0.20898900034461765,0.42533503734202505,-6.950488769961229,0.43712088050693765
SZ000895,ewma,402,0.10909280801078614,0.26662733569696184,0.047057884976924313,-6.595581206583988,0.06665419174954124
SZ000963,ewma,417,0.10270719221124422,0.25145995719128234,0.059933264948418885,-6.842214950208875,0.050829397323068015
SZ002007,ewma,417,0.10864647676880511,0.2624718124484032,0.15960586680802935,-6.372723127638255,0.15725240444600974
SZ002008,ewma,417,0.05749755990776022,0.19532980351802068,0.0003772547788866154,-6.499698150552373,0.02485265094655753
SZ002024,ewma,417,0.1333676755239467,0.2907030838925745,0.374341976630886,-7.558490976956327,0.38897223638645384
SZ002142,ewma,417,0.06650490778214772,0.1881579371385821,0.20998670105735695,-7.051747591758756,0.08305481538492665
SZ002146,ewma,417,0.07764981243443929,0.22313530016234326,0.1940309043346099,-7.274335621978889,0.2082092188521556
SZ002153,ewma,417,0.06606613577155811,0.20452517671672288,0.15717412854089519,-6.425942348706616,0.15723809508039033
SZ002202,ewma,411,0.06673514648778191,0.20969663406056818,0.19899192551887868,-6.889128884445614,0.1671387609344972
SZ002236,ewma,415,0.08536844378022915,0.2386025160855711,-0.054590261451569866,-6.592684346634776,-0.03877315125546077
SZ002241,ewma,417,0.07181122607740557,0.21774482455577687,0.09151627964482012,-5.9538455420856335,-0.16911463571389374
SZ002304,ewma,417,0.07780191634836216,0.225107801388139,0.3119412563083426,-7.012539122751292,0.3201065622525252
SZ002415,ewma,415,0.06257307855614158,0.20016863321800096,0.024225551263262646,-6.922518160271291,0.02672850487934708
SZ002456,ewma,414,0.19045065140643674,0.26402093818613814,-0.05942106957075577,-6.102482448495308,-0.06031198192033993
SZ002475,ewma,417,0.0766162559302578,0.22608785036833268,-0.418157845675142,-6.264765067835235,-0.5154401926656198
SZ002594,ewma,417,0.08068045466933634,0.2215068611058904,0.522599600815685,-6.853075852356028,0.5288936012655232
SZ002673,ewma,417,0.15088264409062258,0.29817483516307686,0.36148564017122375,-6.875225207260444,0.3784815105795394
SZ300124,ewma,406,0.061417199418426785,0.1984328820768633,0.2326506615374374,-6.692561761379247,0.24831397659407783
SH600000,garch,417,0.16162364142818697,0.27308465239101964,0.046890281170183346,-8.063374558716106,0.05303753283107282
SH600009,garch,417,0.13881910975164016,0.25184240413115516,0.20919892285050778,-7.1692609529070195,0.21617244545078473
SH600010,garch,417,0.16924044471237404,0.2851901394988192,0.16973960062485893,-7.340489795309805,0.17478962560316058
SH600015,garch,417,0.1914455668371685,0.3184773381547138,0.029313518085362533,-8.617755859774334,0.032803050433004466
SH600016,garch,417,0.1540449119117728,0.2768744069375727,0.1214991708008869,-8.763368721425184,0.1258499583975421
SH600018,garch,414,0.18099498863452704,0.30699408593101024,0.4102255835508728,-7.360608744432218,0.4162158474306542
SH600028,garch,417,0.20538439571036465,0.3294509384936041,-0.19850489637704505,-8.676353634939723,-0.24760787511970594
SH600029,garch,417,0.2360761266200411,0.36203624140516283,-0.1937325805664185,-7.331058837492032,-0.1793938364056269
SH600030,garch,410,0.22102372743396015,0.3198378283103705,0.1377912363270396,-7.133434554066632,0.14322350469256084
SH600031,garch,417,0.14283043558131248,0.23069891894221478,0.1463535534456346,-6.874992880142972,0.1440237066201303
SH600036,garch,417,0.13755466104773617,0.23167127957376446,0.07832849968797484,-7.627093849764721,0.07882669208538828
SH600038,garch,417,0.15180443995400514,0.26259819313745175,0.3309297934866273,-7.1000576486197895,0.33250803981691224
SH600048,garch,417,0.1392276429391834,0.23943720880296954,0.07589906686763326,-7.079812061501607,0.09130197932587336
SH600066,garch,417,0.18926327055851436,0.3233784828674949,0.20065146255457145,-6.8651273641759145,0.2060200216142024
SH600068,garch,417,0.2508288350434341,0.38232686484294737,-0.029940462626753872,-7.571771745299265,-0.027480367681784967
SH600085,garch,417,0.18712192511790796,0.28359826506130487,0.17798069813322603,-7.541689277670729,0.18246514637493483
SH600089,garch,417,0.16859842768231822,0.3076382879401041,0.5789285425448165,-7.564695123994997,0.5860861804013193
SH600104,garch,417,0.14297297097474337,0.26388984152552264,0.23877946886051682,-7.399805610206769,0.24052100573442092
SH600109,garch,412,0.1810092065506672,0.30158593399577877,0.3838004468061037,-6.8539579709503275,0.396550348522298
SH600111,garch,414,0.16713003472193544,0.2754907972576922,0.3389438411172011,-6.987399196265241,0.3446881777416618
SH600115,garch,416,0.2199266914398118,0.3396223053760959,0.0540365724109656,-7.263908464953928,0.06530570362159727
SH600118,garch,417,0.11695380775507007,0.24804029555398838,0.6088890295788043,-6.697918477678007,0.6101909228351945
SH600170,garch,417,0.16411097650125323,0.28768922232425115,0.2810942774523085,-8.010249393735291,0.29386648201009513
SH600177,garch,417,0.19546402662867265,0.3197802913589962,0.1354679664449968,-7.967394501206137,0.14180345183891863
SH600188,garch,417,0.2507098655611379,0.3807899170546235,-0.45405356498199856,-7.445066278191067,-0.414159067537049
SH600196,garch,417,0.16546664658258928,0.2655422066738379,0.3829278569271308,-6.727629928066628,0.387218337088722
SH600208,garch,416,0.30341325690920756,0.32986386026849285,0.1982031643400145,-7.03760377373771,0.20810968113997652
SH600276,garch,417,0.12970360672470352,0.2289518042666985,0.037122767157899195,-7.164350363165378,0.016816986846646342
SH600332,garch,417,0.15144925498786344,0.24418780461233203,0.24302371507551412,-7.322167986445639,0.24667098556787892
SH600340,garch,417,0.1634056441693386,0.27067205949819756,0.14113576800416183,-7.213612987756993,0.18741795131642391
SH600352,garch,413,0.17654771692720206,0.27048907939647704,0.32627121047862895,-7.0906239165770835,0.34569992742742706
SH600362,garch,417,0.22407455203854695,0.33874802721836456,-0.003135997473010743,-7.441959812007555,0.030749202094926265
SH600369,garch,417,0.22030022511907155,0.33274109238369276,0.24942470433919894,-6.826625345416582,0.2804017767834843
SH600372,garch,417,0.17017471801262057,0.27473673791659037,0.2724398443573868,-6.993655295322869,0.27607581703365824
SH600383,garch,417,0.13284162294285196,0.22827751187708847,0.1794577002735369,-6.826985149623951,0.1852379412328169
SH600489,garch,416,0.18705471390452774,0.30051459050050183,-0.08300351744562118,-7.2248006458905145,-0.05763790886369957
SH600519,garch,417,0.1420517811912385,0.23266874499559648,0.09491389661326877,-7.536965229876181,0.09172033374745503
SH600547,garch,417,0.1965519171581892,0.2901870992291488,-0.14487959990761423,-7.0576165879324995,-0.13169306292252458
SH600570,garch,416,0.15751443034518198,0.2728285518174429,0.1453915684280983,-6.641977367969863,0.1480152062250516
SH600583,garch,417,0.1500087010218123,0.2529309379918845,0.038221523365104426,-7.173219104290037,0.05021370021928073
SH600585,garch,417,0.13135001848473885,0.22001614934200645,0.16096804112213636,-7.320541683531024,0.16479415783465579
SH600588,garch,417,0.16136479472826312,0.26540107567148125,0.20693412382899234,-6.263807367345845,0.21292910804203757
SH600637,garch,417,0.14789620148552068,0.2688477230862793,0.29567902115828526,-7.400619995215502,0.31377777709326915
SH600660,garch,417,0.16543699288801833,0.28492536581446587,0.29002538811334955,-7.349023308401644,0.2939407988031949
SH600674,garch,417,0.1248300857773479,0.24093026056346392,-0.06891147302204326,-8.073899815537784,-0.054767730650327806
SH600703,garch,415,0.14299442451362837,0.2564013060331172,0.09803308676744771,-6.035159528622919,0.10358463713097577
SH600705,garch,417,0.16378579764829762,0.2724337565496471,0.40747614496019235,-7.251430917664664,0.41580138023536406
SH600741,garch,417,0.13118034020749839,0.23962973458348155,0.14100191803694295,-6.645526718111255,0.13172229943825453
SH600837,garch,417,0.19196087411280707,0.30430341733470845,0.2355514160949278,-6.976330724093126,0.25904922853076706
SH600886,garch,417,0.12454192818373842,0.23201758497092828,0.00834388715558343,-7.608384966518334,0.020449142975987877
SH600887,garch,417,0.13374601862959365,0.2321763240224953,0.10638098168467236,-7.328222581889895,0.1101790136447609
SH600893,garch,406,0.16811025775222369,0.2705489507227053,0.46058645976335877,-7.102714993890665,0.45930049048548127
SH600999,garch,411,0.14941545448658572,0.2827523669636093,0.3079553871784828,-7.06050550790137,0.31725014326165946
SH601006,garch,417,0.17721658286300612,0.2884166824730442,-0.35626678207013573,-8.608559531951585,-0.4129676906894939
SH601009,garch,417,0.1757869447506485,0.28476782084687735,0.15053877075936617,-7.784835913464352,0.14159845099930324
SH601111,garch,416,0.21520875222408214,0.32762913600075183,-0.18661700479336307,-7.148898433287954,-0.1707799971031474
SH601166,garch,417,0.15458908697215235,0.2744062508234689,0.04130274159682712,-7.934208788251315,0.030688598766568598
SH601169,garch,417,0.1653520840981901,0.29524086557436835,-0.009715983955120189,-8.614575363599958,-0.008636151745604392
SH601186,garch,417,0.1721772511741197,0.29603994012614143,0.171881904921789,-7.63061491138498,0.18497459901348068
SH601225,garch,417,0.2383930987792772,0.36936057516590964,-0.4001905151653291,-7.486572826419253,-0.36676107271347025
SH601288,garch,417,0.1420986335665662,0.270199168834521,0.041675596851835306,-8.976184354232837,0.025882132151234027
SH601318,garch,417,0.14332721367592036,0.26704196937078595,0.2026638897508487,-7.9129987436442235,0.2052806818986751
SH601328,garch,417,0.18735498430669495,0.3259428531310313,0.1223238912128346,-8.874796090118172,0.11485346111987405
SH601336,garch,417,0.20782255129809032,0.32777855100889974,0.1395776617102399,-7.166953974304761,0.20621374608082355
SH601377,garch,417,0.21703436713758265,0.3226594131255721,0.25097355669124044,-6.963332007165093,0.2607716026034107
SH601398,garch,417,0.16703710147515877,0.30249664670370385,-0.05814061472685661,-8.67393088036083,-0.0788448816135443
SH601555,garch,411,0.23918762217427927,0.35926037665359484,0.18227040004559525,-6.666754339250488,0.1948882620883592
SH601601,garch,417,0.16422987086440646,0.2743693768573168,-0.07410983748011835,-7.305198257310682,-0.06893783044998236
SH601607,garch,417,0.19715882964071466,0.326212134381005,0.24931639765577407,-7.318211912888499,0.2510558113279837
SH601628,garch,417,0.16720477408887002,0.2736291088573802,0.257342955265773,-6.990531785492237,0.26051189191794766
SH601633,garch,416,0.20561511590478548,0.3195919705299986,0.24635567411387882,-6.3174337485110375,0.26086968415139666
SH601668,garch,417,0.14064403108243112,0.2501978265477132,0.07688829828584309,-7.948475179301983,0.07767077718949855
SH601669,garch,417,0.19168894227967873,0.3009604426055785,0.20836033144337573,-7.667307474891852,0.21593781386282185
SH601688,garch,417,0.22291352103056675,0.34626671077605603,0.017550168476797134,-7.102434955103026,0.016520715038952583
SH601766,garch,417,0.14519764697925103,0.26116984987777986,0.24102022379315557,-8.173304243880896,0.23523798008028596
SH601800,garch,417,0.26211866254942084,0.38328525203073827,-0.05992110052324606,-7.4429097310569166,-0.06524955844958735
SH601818,garch,417,0.15548885282033284,0.2676805254915662,0.21954773302496933,-7.808803281466633,0.22851927892499702
SH601857,garch,417,0.19703725591109364,0.3013127592257484,-0.32206968795030355,-8.777840164719779,-0.3287690910128753
SH601888,garch,417,0.14635474538174548,0.25329344481804983,0.4445295771423241,-6.715552715551716,0.44844458080528726
SH601899,garch,413,0.1975939114621624,0.3132513739771023,0.1959658264399089,-6.9783150015135185,0.23551915023586567
SH601901,garch,415,0.24447119069577097,0.3308466050972952,0.14591860114725597,-6.837211816327251,0.22875695876145308
SH601933,garch,417,0.17178613508074697,0.2665380731997491,0.07696508418683434,-7.125696161033744,0.0998427949845806
SH601939,garch,417,0.17730216693903922,0.3030986394444035,0.0591444655318607,-8.351188469655618,0.0435586797119879
SH601988,garch,417,0.16012626820454523,0.29725204468001776,0.0616927729559521,-8.95900405702347,0.06311682423404974
SH601998,garch,417,0.1977322432604563,0.33091590581953195,0.1332516353490213,-8.207614875330602,0.14236256661306002
SH603993,garch,417,0.164576850432754,0.2880709929869738,0.2489498746252895,-7.037915201841783,0.263910492236744
SZ000001,garch,417,0.07613988626278119,0.2036302488952596,-0.0020587433552001766,-7.201455056098107,0.008063222744380205
SZ000069,garch,417,0.07239376735271537,0.21013074783855654,0.20257235042925403,-7.3526312077657066,0.23646885571807774
SZ000157,garch,417,0.056910412612996564,0.18625129402074295,0.2578934157981638,-7.177449326821928,0.1378954157446285
SZ000166,garch,417,0.12188514644007237,0.2693426941877939,0.3508840479888309,-7.318416289354358,0.3700712972383593
SZ000333,garch,406,0.06434403176073672,0.20100336231726,0.12076925319311016,-7.365456616376582,0.11418073441011434
SZ000338,garch,417,0.06104727579832012,0.19854231377384945,0.29162158911052516,-6.971028944146233,0.27209391158427165
SZ000425,garch,417,0.08803445335013796,0.22158007327709633,0.1973276798615975,-6.9992758702818065,0.2204822692719881
SZ000568,garch,417,0.0753239203826016,0.21623922768917603,0.29398819872256643,-6.744168964919825,0.32506150110221055
SZ000625,garch,417,0.1880059824094801,0.35491681394132857,-1.5723335582565419,-5.850205063281992,-1.0028560696678164
SZ000709,garch,417,0.1842423814839734,0.37550216597678215,-0.23356029771355424,-7.996559015538225,-0.22689072785121778
SZ000725,garch,417,0.09579549928813683,0.24045936264061168,0.2793463426845719,-6.671718165897504,0.25689986378157537
SZ000728,garch,417,0.13823267132438713,0.300795398882037,0.36963520917323145,-6.899859552899119,0.38373243167184146
SZ000768,garch,417,0.09380008890756056,0.25313908565412396,0.42706247549673004,-7.022847116355478,0.43857322114645714
SZ000776,garch,417,0.12598380590384398,0.2719610251677979,0.23054038155339363,-7.253104883226621,0.24014392779973037
SZ000783,garch,417,0.1299411636150124,0.28513868457883035,0.38608435055268264,-6.9226010964797995,0.40399626893240737
SZ000858,garch,417,0.07305291416472925,0.21269689150321458,0.3930139362809142,-6.940352938957528,0.4038482442188429
SZ000895,garch,402,0.1199235655934974,0.27907327185753816,-0.0475504143818255,-6.555889300000814,-0.023764161599464817
SZ000963,garch,417,0.10679296365502525,0.25503723649262255,0.022536684060272316,-6.830709076716812,0.01773223559919146
SZ002007,garch,417,0.1262340793950701,0.2809272720376132,0.023563553208877153,-6.335844463971769,0.03297795983305629
SZ002008,garch,417,0.059444255095269495,0.19838339747326608,-0.03346697775147711,-6.490230095912623,-0.00902415536563339
SZ002024,garch,417,0.13019362128338324,0.28589114737453225,0.38923218517966374,-7.561426095743952,0.4039834436875611
SZ002142,garch,417,0.06797330679228232,0.1898655202050296,0.1925435561099107,-7.045665322819027,0.06161524540913299
SZ002146,garch,417,0.06782447420512842,0.21041421495843246,0.2960133653221404,-7.304499563683474,0.30431895030305556
SZ002153,garch,417,0.07216528976775204,0.21170312661581633,0.07936535825379654,-6.393184975094168,0.06287554307987975
SZ002202,garch,411,0.07000285562716115,0.21240674747969,0.15977029278929833,-6.8724987834017455,0.13715462801361722
SZ002236,garch,415,0.08379492712887986,0.23614202331392248,-0.03515198586326451,-6.5910950975912606,-0.019458998739120936
SZ002241,garch,417,0.07471569712602763,0.22244280400493185,0.05477182048363205,-5.944592468013629,-0.22442872150881343
SZ002304,garch,417,0.08191866708202081,0.2268729277190944,0.2755338454007511,-6.997964775142371,0.2871914850111905
SZ002415,garch,415,0.06208665843384962,0.1994901295147193,0.03181086331176686,-6.922221288830826,0.03910323186035192
SZ002456,garch,414,0.19169915722429018,0.26758810125313665,-0.06636614095354054,-6.092408192958967,-0.06648549580057606
SZ002475,garch,417,0.07956577108626009,0.22727260654325793,-0.4727530227512704,-6.257990433789446,-0.5904211837523821
SZ002594,garch,417,0.08314639375347987,0.22567771389143493,0.5080082068038494,-6.838964769832305,0.5179186496377903
SZ002673,garch,417,0.1628779919313231,0.31687255553306315,0.3107229968361285,-6.825193633433548,0.32369335250344444
SZ300124,garch,406,0.06302237140208365,0.2016025169480203,0.2125955683153231,-6.685560328161489,0.2293454400800291
SH600000,egarch,417,0.16291665331019548,0.2754667119385894,0.039265269257230506,-8.082611816627189,0.04751995048382196
SH600009,egarch,417,0.13995729143556024,0.25047761986299294,0.20271512315429785,-7.176676791676752,0.20941634114215701
SH600010,egarch,417,0.18255429638634488,0.29463487351819523,0.10442445785955401,-7.29209536912562,0.11388640428362085
SH600015,egarch,417,0.17179244072650618,0.29192551805054423,0.1289607659070331,-8.620335543570311,0.13348951771755524
SH600016,egarch,417,0.1581886365023455,0.28492769740718527,0.09786797491383425,-8.765606314292679,0.1039627909363342
SH600018,egarch,414,0.17451935395546156,0.3049012764742625,0.4313265195093562,-7.400083588044462,0.44202465963109216
SH600028,egarch,417,0.1966774432417712,0.3196335133030597,-0.14769614272251963,-8.685638323503156,-0.19476896905476937
SH600029,egarch,417,0.19361838895341213,0.3131875967508414,0.02095742420212976,-7.381098917732803,0.07411390723474198
SH600030,egarch,410,0.22273180319395292,0.33461953075819045,0.13112806985898184,-7.107235961963683,0.13557906877743753
SH600031,egarch,417,0.141952312289503,0.22669956903189634,0.1516017824007515,-6.888059708373341,0.15280302528463674
SH600036,egarch,417,0.14227801694173794,0.24024092250938328,0.04668011729094734,-7.629096866076104,0.051252531961869185
SH600038,egarch,417,0.16374461233462687,0.28433042582433604,0.27830410215027157,-7.049635728198102,0.2795705544680396
SH600048,egarch,417,0.1385106628180995,0.2281754645220059,0.08065790631175418,-7.1096608522188145,0.08970963362406448
SH600066,egarch,417,0.1825110254081418,0.30459619646033825,0.22916939564056116,-6.896336938814008,0.2321118212029324
SH600068,egarch,417,0.21339350351602054,0.3393771722389694,0.12377457043654505,-7.579061641149181,0.12193821570639019
SH600085,egarch,417,0.17968698522957594,0.26978234538020957,0.21064209840781745,-7.5823697947957704,0.22083175363931318
SH600089,egarch,417,0.1727635598496378,0.30139024457046965,0.5685262019281452,-7.485180711853637,0.5755420949333195
SH600104,egarch,417,0.13530474473106813,0.2587053701896757,0.27960684493245536,-7.417449345665254,0.27927161656916677
SH600109,egarch,412,0.18992156836493854,0.3160060666187528,0.35346059021809584,-6.80302443912729,0.36543295237025974
SH600111,egarch,414,0.1834585036259319,0.2842553947744226,0.2743591902968273,-6.988129973261681,0.298050964728354
SH600115,egarch,416,0.21981940228006047,0.3339051241471926,0.0544980517368131,-7.284304459738142,0.08776139822546136
SH600118,egarch,417,0.1233265563513111,0.2545836582239727,0.587577608124738,-6.681615486995931,0.5885356531027919
SH600170,egarch,417,0.17331906606811723,0.3038488642136357,0.24075725414966753,-7.975614243250958,0.25244603253441866
SH600177,egarch,417,0.1917695032619488,0.32084092289457755,0.15180874205645,-7.9861631427678965,0.15861307778437794
SH600188,egarch,417,0.23200668029571886,0.35723610713817533,-0.34557983918412205,-7.4629273432795,-0.2953973447923861
SH600196,egarch,417,0.17101765133210303,0.270955497379199,0.36222658287743625,-6.739168418929673,0.3676449184368371
SH600208,egarch,416,0.3222954789190163,0.3420861209441313,0.14830519346056703,-7.010524005708141,0.15664876103163416
SH600276,egarch,417,0.11763647757753438,0.21086031500169905,0.12670519447031925,-7.184665355134138,0.10855098910991579
SH600332,egarch,417,0.15251368962838713,0.2537191461868579,0.2377034394505655,-7.315485533362675,0.24052369758531877
SH600340,egarch,417,0.1566506899360025,0.26172765990055635,0.17663997968101808,-7.239524602989461,0.22236186943785707
SH600352,egarch,413,0.1868927487086397,0.2850732640225115,0.28679323896488784,-7.085782840483909,0.3095710905488803
SH600362,egarch,417,0.19736235149670897,0.29902645883677365,0.1164490678164476,-7.480305625055505,0.1698836337879055
SH600369,egarch,417,0.226179594150792,0.3465012515562939,0.2293933623517026,-6.797972821639509,0.2531348526117516
SH600372,egarch,417,0.17327035721388825,0.2811720475221287,0.2592048364467483,-6.97974473087173,0.2630579046070375
SH600383,egarch,417,0.13965009303858525,0.2337589666675939,0.137402826310011,-6.8418753314308125,0.14599540770163932
SH600489,egarch,416,0.1890155382004997,0.2970457255697444,-0.09435623647260272,-7.229446521940279,-0.0662787047367337
SH600519,egarch,417,0.1380254572358939,0.23231523898466913,0.1205677098154384,-7.549054083373041,0.1216822566589838
SH600547,egarch,417,0.20279521758261143,0.29227823570723077,-0.18124570304901888,-7.0734125765973515,-0.16849849410477158
SH600570,egarch,416,0.15458058756553428,0.2747119542229647,0.16130939113741283,-6.627922303589018,0.1618726358318927
SH600583,egarch,417,0.1552147824553473,0.2546829877897015,0.004842812421834264,-7.181297676281497,0.008643195982104168
SH600585,egarch,417,0.13859045440402892,0.23133375480564417,0.11471789816385858,-7.310317650282285,0.12014519722714279
SH600588,egarch,417,0.15533102495493495,0.2562179313165463,0.2365885284341408,-6.262308970713915,0.2412833521711969
SH600637,egarch,417,0.1415428968813535,0.2612864783445838,0.3259351445254882,-7.4270989989352465,0.34042696530636574
SH600660,egarch,417,0.15821604549770282,0.27646419577045317,0.3210141605239031,-7.354651238858179,0.32463192253842377
SH600674,egarch,417,0.11937872873190568,0.24062539868392546,-0.022231876087326352,-8.076440672736572,-0.004432638971604952
SH600703,egarch,415,0.1618127963949151,0.26205777174978273,-0.020667686745639458,-6.0370971421177835,-0.001984168688439647
SH600705,egarch,417,0.17518036458318575,0.2892236649415334,0.3662543001866494,-7.239901020186039,0.3744720014042935
SH600741,egarch,417,0.1286532011141384,0.22786114076263142,0.15755018762228135,-6.672022896185972,0.15342599577190963
SH600837,egarch,417,0.20656923083700757,0.3346806961313453,0.17737634441634897,-6.940008816553157,0.19977099356684036
SH600886,egarch,417,0.11820015717321027,0.22142965448059274,0.05883978103295895,-7.636385049337002,0.07228609879307646
SH600887,egarch,417,0.12507824338337467,0.21951790512855934,0.1642943976193597,-7.341665567844228,0.16965176296728401
SH600893,egarch,406,0.17140776229319965,0.27608015440928485,0.45000579310935906,-7.101087016450269,0.4511387654802078
SH600999,egarch,411,0.15492863868784557,0.2865481118290035,0.2824200806796686,-7.033590532285727,0.28852414186103126
SH601006,egarch,417,0.1688874949423785,0.2870087378163146,-0.29252294337744766,-8.614368156244211,-0.34480905103337145
SH601009,egarch,417,0.1763827380520059,0.28350034104980154,0.14765969853439342,-7.776866247718261,0.1385337499367546
SH601111,egarch,416,0.21551670464707112,0.3243896271809581,-0.1883149914133755,-7.160559387234114,-0.1519345525277298
SH601166,egarch,417,0.15959493608777198,0.27368550570407846,0.010258546193894214,-7.9386591857530275,-0.0018451889109953878
SH601169,egarch,417,0.17374188010421723,0.30891365671797544,-0.06094794257003544,-8.610864992446261,-0.06018347576220995
SH601186,egarch,417,0.18338089828251405,0.29963179715561233,0.11799590756695,-7.621950100731833,0.13889784171441444
SH601225,egarch,417,0.1844439821903626,0.30806234702142216,-0.08332294753793446,-7.543108496517064,-0.04569834915437454
SH601288,egarch,417,0.15414717909188802,0.286455871253088,-0.039580745377160165,-8.965936426552556,-0.05375612901340432
SH601318,egarch,417,0.14895776185914597,0.2811559467632887,0.17134088226439415,-7.913203946571024,0.18314899312329336
SH601328,egarch,417,0.1711305914788043,0.30628543505936634,0.19832807128475283,-8.879276388579113,0.1921382440176156
SH601336,egarch,417,0.19754591764567692,0.3174841376207782,0.18212475345618762,-7.182541695862972,0.2511974739899374
SH601377,egarch,417,0.23083276687897658,0.34491146447103105,0.20335268255061645,-6.925884555690448,0.21328516769797012
SH601398,egarch,417,0.1688537379841548,0.30321622871546905,-0.06964857825943849,-8.680329109365772,-0.08977280621017925
SH601555,egarch,411,0.2595875683579541,0.3944794549349937,0.11252749411999896,-6.547949387344982,0.13483483538932706
SH601601,egarch,417,0.17213726607586208,0.28729639063223134,-0.12582644019534595,-7.305902575514115,-0.109639013348934
SH601607,egarch,417,0.20189642099903068,0.33398315310603865,0.23127798591547066,-7.306060100912855,0.2343602157679775
SH601628,egarch,417,0.17010776427163063,0.27588559922333816,0.2444490285117702,-6.98989269366424,0.24799873172225206
SH601633,egarch,416,0.21794191280636668,0.33168902735817574,0.2011740710962815,-6.297263357766998,0.22793786730171817
SH601668,egarch,417,0.14590487262479357,0.24860753192430626,0.042358966672954135,-7.923503903171308,0.047277236572241255
SH601669,egarch,417,0.1939962578068947,0.30017409827912145,0.19883154758397192,-7.667514536431428,0.20791812433824808
SH601688,egarch,417,0.21935981520204575,0.33807353554637953,0.033212465121578605,-7.115261035711071,0.03251619391256755
SH601766,egarch,417,0.15000281585489098,0.26832972137663486,0.21590255781341372,-8.18008671187494,0.21258782846598745
SH601800,egarch,417,0.2579497751744573,0.37783761236740987,-0.04306350003249215,-7.417666306312193,-0.04624925547492298
SH601818,egarch,417,0.17071936225795287,0.28372312341993094,0.1431005446756528,-7.806657582691755,0.15113084670986943
SH601857,egarch,417,0.1760977105158733,0.28010302006891213,-0.18157068374689844,-8.815452844087336,-0.18067615337146492
SH601888,egarch,417,0.13098738713303787,0.22182160814637547,0.502854388970938,-6.774967265935557,0.5103969844467973
SH601899,egarch,413,0.18527374503914507,0.28875186826281135,0.2460981141948907,-7.021762264104141,0.2569019571416207
SH601901,egarch,415,0.24020786564771857,0.34118416107925637,0.16081289855073122,-6.789248653412168,0.17679305125628375
SH601933,egarch,417,0.17049115338600615,0.2635688655249539,0.08392323199674245,-7.134492916283629,0.09031168897508957
SH601939,egarch,417,0.15375160593734738,0.2652290555407857,0.18411572809905552,-8.338880867432831,0.17003056929157978
SH601988,egarch,417,0.15590457387130122,0.2911051377003129,0.08643103949816422,-8.95424316913692,0.08763230113501297
SH601998,egarch,417,0.19480712617483556,0.3316679984704827,0.14607372449628708,-8.204615395949252,0.1543972545579797
SH603993,egarch,417,0.1683120932054141,0.29684120281291887,0.2319040109735384,-7.033628914428161,0.25903666509551493
SZ000001,egarch,417,0.06656944449384392,0.19259637610373798,0.12389554056948271,-7.2365688457804564,0.1592402292516384
SZ000069,egarch,417,0.0766446660728938,0.21619447811447084,0.15574809609145246,-7.338711752944813,0.17782491725778093
SZ000157,egarch,417,0.05155300893866738,0.17684423167831057,0.32775347054742177,-7.196853101955376,0.2178228860219159
SZ000166,egarch,417,0.13733169233063372,0.28600163309977034,0.26862136353641686,-7.236133217464518,0.28110696388342693
SZ000333,egarch,406,0.06424256886732457,0.20119685872731144,0.12215569561996442,-7.363441038952038,0.11744884090716956
SZ000338,egarch,417,0.05985836996979894,0.19727394225088005,0.3054173762360213,-6.9800939511207805,0.2906735824507076
SZ000425,egarch,417,0.08447594331861476,0.21970230018444223,0.22977313041580416,-7.020812758049508,0.24730058139868938
SZ000568,egarch,417,0.0678963862930052,0.20651242323447458,0.36360654432923967,-6.759727174955304,0.3996377574626331
SZ000625,egarch,417,0.24679826757752543,0.40671065444910137,-2.376740770017296,-5.584707319249419,-1.7066054064072134
SZ000709,egarch,417,0.12794336896772238,0.31147391179115114,0.14337917778148423,-8.057756054998778,0.15546892749312158
SZ000725,egarch,417,0.08448847452894469,0.22557169013093883,0.3644072151328561,-6.704687120179538,0.3630316867314982
SZ000728,egarch,417,0.17843918791322338,0.350551957244168,0.18628656824362932,-6.78067400704238,0.18863368490469712
SZ000768,egarch,417,0.09405312896689626,0.25164742690352737,0.42551688905982565,-7.008922884982506,0.4356974353448929
SZ000776,egarch,417,0.14715476029764993,0.30291469636013313,0.10123650497070191,-7.218368389316262,0.10577095302996176
SZ000783,egarch,417,0.1337666804899636,0.2898605976463398,0.3680104422435685,-6.912514025992178,0.38455192958335616
SZ000858,egarch,417,0.06429947896783127,0.20472060288915025,0.4657449591967733,-6.967939667509631,0.4879056249045598
SZ000895,egarch,402,0.11746636309346742,0.27677072621175125,-0.026086380316564073,-6.569353762657041,-0.012651694919875167
SZ000963,egarch,417,0.08770609816234552,0.2345226693980102,0.19723649757642592,-6.846636973988479,0.20018712018723017
SZ002007,egarch,417,0.11420715572470953,0.27216380349872016,0.1165933172059801,-6.356860984231605,0.12811120563421408
SZ002008,egarch,417,0.0582687130370474,0.19681201290965625,-0.013029613431182696,-6.5025760925033165,0.013935039893973822
SZ002024,egarch,417,0.12024669359042389,0.27824011916810476,0.43589547967380093,-7.592060912058586,0.4544878483997562
SZ002142,egarch,417,0.07100812492710211,0.20099004336347528,0.1564928830643414,-7.048032102166139,0.021164781137876565
SZ002146,egarch,417,0.07096491431158905,0.21317468119324104,0.26341705126494386,-7.306281629185824,0.26686083361561563
SZ002153,egarch,417,0.0643713071324475,0.202145081088325,0.17879557511182054,-6.427444350936572,0.18622726902576392
SZ002202,egarch,411,0.06326654527007533,0.20057577415950414,0.24062482405528474,-6.900280314455038,0.2211276765709428
SZ002236,egarch,415,0.08991713862641801,0.24478864446982837,-0.11078209387450877,-6.582834761207512,-0.08956931776352461
SZ002241,egarch,417,0.06286099145929307,0.20206284568863372,0.20474568524151582,-5.9868028255694,-0.020918494361667372
SZ002304,egarch,417,0.070295577170408,0.21457563655672715,0.37832525488982904,-7.022150740091953,0.39575723364078674
SZ002415,egarch,415,0.06145742907732781,0.19721025400255257,0.04162316506607733,-6.923183726738815,0.0445004740456072
SZ002456,egarch,414,0.19022606266704115,0.26049430519815847,-0.058171748338473606,-6.106740179812396,-0.05851866150390128
SZ002475,egarch,417,0.0671547324962542,0.2157642503121882,-0.2430261647145704,-6.271909291926681,-0.31779947121287466
SZ002594,egarch,417,0.08178691266609293,0.2256611500936645,0.5160524948096868,-6.866897610495299,0.5265259849012867
SZ002673,egarch,417,0.18593361122777005,0.3442157110611789,0.2131548233443854,-6.738909505098208,0.22297436249349445
SZ300124,egarch,406,0.06115962884658911,0.19604715186431373,0.23586876020977388,-6.6909340271463025,0.24984014085337924
SH600000,har_pooled,417,0.1465004838301619,0.26044909624554946,0.1360729549343872,-8.003282582031403,0.14821343721507718
SH600009,har_pooled,417,0.1387383301499662,0.24389679558654237,0.209659094336478,-7.021570813534619,0.2174401434729626
SH600010,har_pooled,417,0.16656363792983395,0.28616726400784837,0.1828714892351666,-7.269537628019807,0.18818181913795728
SH600015,har_pooled,417,0.14854457727610948,0.2697706337421008,0.24683441092014002,-8.638924876570481,0.25416217933144103
SH600016,har_pooled,417,0.1449237226320356,0.26229159538904345,0.1735162887055699,-8.69689510824128,0.18188996632145826
SH600018,har_pooled,414,0.16395239794842717,0.29454640281887284,0.46575907678461026,-7.214730109849122,0.47958670462066
SH600028,har_pooled,417,0.1397534269332273,0.2546720777480137,0.1844795906445199,-8.667032450089692,0.15645578320076448
SH600029,har_pooled,417,0.16334136522885143,0.2807568590725081,0.17405494481996542,-7.202320693631948,0.17751071809928687
SH600030,har_pooled,410,0.18656628043305254,0.29679803781472736,0.2722089892212669,-7.005085454051251,0.2785441081238508
SH600031,har_pooled,417,0.14497363160338125,0.2259769447454961,0.13354443708984975,-6.651824165360321,0.11116915788841719
SH600036,har_pooled,417,0.12873752909037392,0.22328569711032373,0.13740682664318427,-7.537578534643604,0.14193803912960823
SH600038,har_pooled,417,0.15375295465192304,0.256854460476207,0.3223418158772421,-6.889809051284837,0.3270709430743044
SH600048,har_pooled,417,0.13616990080035887,0.23572687277047155,0.09619433513558928,-6.975239130803455,0.09730437786204915
SH600066,har_pooled,417,0.1731932412406079,0.2746406475564465,0.26852281653712995,-6.283056252646673,0.27050289422796914
SH600068,har_pooled,417,0.18109642127497377,0.28546276391420644,0.25639118853421283,-7.317376623985561,0.26531126147322526
SH600085,har_pooled,417,0.1731512787242168,0.2798660445147182,0.2393532015848301,-7.370552059858825,0.259750416370889
SH600089,har_pooled,417,0.15010371480085066,0.2766485113150151,0.6251187461859116,-7.497085030391426,0.6321219353967243
SH600104,har_pooled,417,0.1445663685817412,0.26443154663186036,0.23029585853581047,-7.149584004412197,0.23403020890573634
SH600109,har_pooled,412,0.18165567016189055,0.2909037094063526,0.38159972676548837,-6.640033513395857,0.38671646334992504
SH600111,har_pooled,414,0.18580369222773896,0.2909264273783192,0.2650831713481948,-6.65867727501786,0.2534029597979782
SH600115,har_pooled,416,0.17598841524927417,0.29107784258895997,0.24302683128061098,-7.097015712658996,0.24235187966365757
SH600118,har_pooled,417,0.16031145159706323,0.27203036187757385,0.4638946041409254,-6.27156847142874,0.4582768099351675
SH600170,har_pooled,417,0.14385334310184944,0.2701848014518495,0.36983501184184164,-7.9958068075210615,0.3789351547028753
SH600177,har_pooled,417,0.17917950547161424,0.3051100434713908,0.20749395728435682,-7.898832656947736,0.21681097638888258
SH600188,har_pooled,417,0.15539088762985706,0.25990838565107666,0.09877230551658678,-7.379944207433679,0.10454089532187683
SH600196,har_pooled,417,0.17060330334829177,0.27150728487838205,0.3637718042475975,-6.498572650651003,0.36680820770425293
SH600208,har_pooled,416,0.3664626307652012,0.35633059448269067,0.031589520087791256,-2.9536524024672124,0.009255488510902299
SH600276,har_pooled,417,0.13098051813082007,0.2256608083323967,0.027643393743745248,-6.880334835942443,0.00560241259908989
SH600332,har_pooled,417,0.16398032489737835,0.2471031851935497,0.18039070478441854,-6.697244584857483,0.18393331794141943
SH600340,har_pooled,417,0.12634781934381625,0.23308288869346142,0.33591264012508626,-7.247123417420954,0.33638774577402
SH600352,har_pooled,413,0.16085392270279392,0.2687609634713458,0.3861607472556342,-6.904345439976468,0.3872432538697316
SH600362,har_pooled,417,0.16801684555667282,0.2786668583618202,0.24782290346488056,-7.343891308382775,0.23813673767350607
SH600369,har_pooled,417,0.20760609218275047,0.31844952532873716,0.2926743314182766,-6.717629178075827,0.30360820746881534
SH600372,har_pooled,417,0.16378883184157578,0.2748105542029891,0.29974188070438856,-6.864730970559407,0.30395905421890534
SH600383,har_pooled,417,0.14123873873287207,0.23859497385740894,0.12759000588096958,-6.691539051758005,0.1353905604348371
SH600489,har_pooled,416,0.15433321965389096,0.27708950778178976,0.10644636398106921,-7.140565659134465,0.11802471755941857
SH600519,har_pooled,417,0.13193173269095734,0.2330264390428416,0.15939401214855475,-7.4295876725182906,0.1587425177064099
SH600547,har_pooled,417,0.15008871690174136,0.26207854619466003,0.1257601928206199,-6.964540228639486,0.12964783035917116
SH600570,har_pooled,416,0.15581985745009033,0.2585387458546235,0.1545856230990571,-6.316138228361473,0.16267959252763398
SH600583,har_pooled,417,0.13637667203639875,0.23334150477443122,0.1256230672870624,-7.0578469222678,0.12241010699723731
SH600585,har_pooled,417,0.13928754033619076,0.22702948466225054,0.11026508283946712,-7.16890303258536,0.10995820388271493
SH600588,har_pooled,417,0.1565242110858493,0.25148730690652815,0.2307243298278575,-5.983699646823184,0.23613697806665745
SH600637,har_pooled,417,0.1614976620854133,0.26860732891889194,0.23090525450863097,-6.8456052503252245,0.23285793296188906
SH600660,har_pooled,417,0.15856638595833442,0.2585674233847383,0.31951067071655714,-7.179059043431582,0.3231833575517059
SH600674,har_pooled,417,0.12403788206631837,0.23874123481924847,-0.06212788691444038,-7.982036453413241,-0.049908322051590126
SH600703,har_pooled,415,0.16818924142911645,0.26952378724194154,-0.06088843286534207,-5.61063106136495,-0.04942409100305145
SH600705,har_pooled,417,0.17158372747992098,0.2827947359028809,0.3792657658460945,-7.053347157729934,0.3848248144577314
SH600741,har_pooled,417,0.13825920571867653,0.23146368111301033,0.09464793018359474,-6.418786578541086,0.08237752596502146
SH600837,har_pooled,417,0.17117159933909562,0.2886822873144832,0.31834084771544613,-6.925259331619132,0.3288807188883477
SH600886,har_pooled,417,0.12016727211626761,0.22041452895949581,0.0431767702991559,-7.537839263574615,0.03992298577653819
SH600887,har_pooled,417,0.11884107118811918,0.2107585689251252,0.2059678302291481,-7.188716416302418,0.21072922202749667
SH600893,har_pooled,406,0.1732397203307842,0.2761245432746039,0.44412760944685514,-6.772577540253347,0.4424686485142191
SH600999,har_pooled,411,0.1554002182939375,0.265761478492826,0.2802358747216316,-6.920248670310081,0.2889076710878049
SH601006,har_pooled,417,0.13182673028736075,0.24026174290655705,-0.00889099873841026,-8.559223754947402,-0.059246915323510674
SH601009,har_pooled,417,0.16082282266907283,0.27771860115276736,0.22285040662034095,-7.703981391861777,0.21865070093337946
SH601111,har_pooled,416,0.1656561176586657,0.2752729357066294,0.08660607837571788,-6.968077465197207,0.08779896587137348
SH601166,har_pooled,417,0.14492257948110152,0.26095133571958745,0.10125040291960574,-7.860024032108898,0.09626699436680042
SH601169,har_pooled,417,0.13588569477299792,0.2589542730243526,0.17021936099900314,-8.57684888423328,0.17857183476514238
SH601186,har_pooled,417,0.15597067066374828,0.27115182636501495,0.24983042883223316,-7.509340043396704,0.2664026801650843
SH601225,har_pooled,417,0.15113313958372238,0.25650333160351463,0.11232670049641191,-7.27082559889129,0.11826942125999285
SH601288,har_pooled,417,0.13376293679773674,0.25079744644354884,0.09789219394578597,-8.932380554162075,0.09148924191420105
SH601318,har_pooled,417,0.12195590143723965,0.22175889937795631,0.32155351673989674,-7.798078926414966,0.3217472200632312
SH601328,har_pooled,417,0.14729290180619467,0.2812707657267394,0.30999721524562907,-8.84350053927613,0.31069928215286613
SH601336,har_pooled,417,0.15369620282757762,0.25681826684709397,0.3636703745712473,-7.037096966318918,0.3832100467223859
SH601377,har_pooled,417,0.20310225373872848,0.3054651545673229,0.29905590182648234,-6.736769458207088,0.2994527828280845
SH601398,har_pooled,417,0.13739546437026182,0.2606433848946318,0.12963216048710124,-8.677446579879987,0.1146733497789143
SH601555,har_pooled,411,0.19077096311560612,0.30369367703661604,0.34779625327862695,-6.587487233287092,0.3508382043028607
SH601601,har_pooled,417,0.1360922075699307,0.23887720100570992,0.10991844427657083,-7.183719455551477,0.11247514042651774
SH601607,har_pooled,417,0.18663709227375352,0.3021203548671429,0.28937798517860414,-6.990257875855475,0.2933330522381691
SH601628,har_pooled,417,0.1523681506005665,0.24102862157619578,0.3232413305585832,-6.713176627208845,0.3267456431258422
SH601633,har_pooled,416,0.1788720481832699,0.2990697175384051,0.34437746184295615,-6.319098650148181,0.3593407957276551
SH601668,har_pooled,417,0.1403813275433065,0.25406450764504857,0.07861254288535635,-7.824830850257446,0.09384491501713921
SH601669,har_pooled,417,0.18038340727023153,0.28985941353542277,0.25505008767707626,-7.533758190061742,0.2633480674914499
SH601688,har_pooled,417,0.16392283608215977,0.27449302755711513,0.27754062675435365,-7.0738558955976805,0.28164786975345213
SH601766,har_pooled,417,0.14177041367898163,0.2621705256458802,0.2589351199182892,-8.039922489854568,0.2735951064468085
SH601800,har_pooled,417,0.1912114766560665,0.3016748572875547,0.22680408636771154,-7.347390613404678,0.23253492124836028
SH601818,har_pooled,417,0.15188012334558412,0.26175054193423203,0.2376611929185969,-7.796204732195159,0.2409381234833201
SH601857,har_pooled,417,0.13966768870048465,0.2610781983483036,0.06286546286298722,-8.756840396802858,0.0819843361094148
SH601888,har_pooled,417,0.14280265442407156,0.23861522071580568,0.4580110769129093,-6.493298472706774,0.46337550424244534
SH601899,har_pooled,413,0.179604852068577,0.2779995813545152,0.26916554395961867,-6.802935322498439,0.21658146410461288
SH601901,har_pooled,415,0.21201484855395117,0.30929029195926044,0.2593076594622088,-6.67950506332956,0.2648319047285129
SH601933,har_pooled,417,0.1675697691934204,0.26042722904480786,0.09962030563422664,-6.87249964337761,0.09463502465117613
SH601939,har_pooled,417,0.14800360273918498,0.26169284187995795,0.21461755847426522,-8.326052407620159,0.19980536926276182
SH601988,har_pooled,417,0.1383974647626791,0.2663699184491153,0.18901912317400982,-8.930724450918433,0.19764874477576488
SH601998,har_pooled,417,0.16379653362410002,0.2813790194157423,0.28200694376798263,-8.114814759989883,0.2871095220118913
SH603993,har_pooled,417,0.17615980016797117,0.28223601968313533,0.19609082532419486,-6.678445292604905,0.19690046355374524
SZ000001,har_pooled,417,0.06330239913483335,0.1916032126995658,0.16689233932533865,-7.2562408273489964,0.18142532223326902
SZ000069,har_pooled,417,0.06610687794269292,0.2006983522223969,0.27182333195256014,-7.335214988983955,0.2923467661327932
SZ000157,har_pooled,417,0.06260305689305536,0.1907180576911555,0.18366185415972647,-7.1388419855139835,0.05088261935607474
SZ000166,har_pooled,417,0.10873857508558944,0.25971142639295625,0.420897904719468,-7.357442362913141,0.43107900995520665
SZ000333,har_pooled,406,0.05497592276559331,0.18099820736206854,0.24878002967967783,-7.356246403461561,0.24299016853123934
SZ000338,har_pooled,417,0.0581408422417512,0.19024337840653563,0.32534716911773,-6.974989186104893,0.3160983494561588
SZ000425,har_pooled,417,0.07952488769138726,0.2149128178279956,0.2749154031988811,-6.9827579881178625,0.14869408558143005
SZ000568,har_pooled,417,0.07004139186840393,0.20834004431484132,0.3435013872643242,-6.702387007002853,0.3695968792313715
SZ000625,har_pooled,417,0.08106730167405447,0.22080430243799423,-0.10917821816590201,-6.301951079112208,-0.032592811102239994
SZ000709,har_pooled,417,0.0970116463473215,0.24704276172226808,0.35047672318383705,-8.051588971620626,0.3557416291273626
SZ000725,har_pooled,417,0.09992931015068598,0.24093572156995896,0.24824836899182223,-6.640251038848362,0.2247675722880922
SZ000728,har_pooled,417,0.1152152120827567,0.2564144987442186,0.47459878790756127,-6.884451059382508,0.4873663976926278
SZ000768,har_pooled,417,0.07966433218315609,0.21950002801675322,0.5134046694006418,-7.019759423294977,0.5078569810201181
SZ000776,har_pooled,417,0.09703291211827776,0.24053839962293064,0.40736107311856495,-7.310418815425333,0.41080251069084295
SZ000783,har_pooled,417,0.1111999582645804,0.2612212661334351,0.47462841876053996,-6.943898400351219,0.48368834659195303
SZ000858,har_pooled,417,0.07446972664165198,0.2117842591037635,0.3812418469915504,-6.883990541365147,0.3966464498423834
SZ000895,har_pooled,402,0.0709186757981228,0.21111119568405937,0.3805146815634528,-6.730436509680103,0.39670471795635476
SZ000963,har_pooled,417,0.08981356758616836,0.2351545309132637,0.1779470801771128,-6.823026324861631,0.1698116186240617
SZ002007,har_pooled,417,0.07533520122336142,0.21521455566945077,0.4172727637945125,-6.461429600565449,0.42266990534140203
SZ002008,har_pooled,417,0.057288480690308584,0.1938163313559465,0.004012197577380472,-6.489022597047753,0.017461545027500636
SZ002024,har_pooled,417,0.10083980727574876,0.255024166906718,0.5269375862688775,-7.6097155698493815,0.535501676135899
SZ002142,har_pooled,417,0.05912692673523829,0.17827973886107948,0.2976299042552094,-7.078788941135516,0.17019211215856633
SZ002146,har_pooled,417,0.06138275348804904,0.19390632790308837,0.3628754433890643,-7.2989721582956095,0.38628253006609203
SZ002153,har_pooled,417,0.08130653369019968,0.21796392781680854,-0.0372522823147019,-6.3244484959991984,-0.05579463912706495
SZ002202,har_pooled,411,0.06044820026208856,0.19987892559333376,0.27445283263670406,-6.905150951338852,0.25825720243272454
SZ002236,har_pooled,415,0.0668695236853844,0.21025952516611293,0.1739342391193559,-6.593422304442937,0.20049709215034694
SZ002241,har_pooled,417,0.06134340241175556,0.19822096433510486,0.22394470215275808,-5.976196586987733,-0.018997021066826436
SZ002304,har_pooled,417,0.07189440740752893,0.21162754531307285,0.3641856401353035,-7.010701967370254,0.3725917734039744
SZ002415,har_pooled,415,0.05319368560468629,0.18280758232441752,0.17048928317282575,-6.926581583622081,0.18082042754649785
SZ002456,har_pooled,414,0.20378667955788488,0.26553520548000686,-0.13360547956724145,-5.504832369659649,-0.12901921707798047
SZ002475,har_pooled,417,0.05100786220221588,0.17889985662037539,0.055850496805324945,-6.273079702442426,-0.007321234219453965
SZ002594,har_pooled,417,0.07999068522130004,0.2214615863253152,0.526681087604366,-6.852640521506104,0.5346120343434699
SZ002673,har_pooled,417,0.12294412415983477,0.2723943486264623,0.4797175698652447,-6.969901919997963,0.49240396632805694
SZ300124,har_pooled,406,0.048544676626725056,0.1691537112795407,0.39348055840819907,-6.728796697924277,0.415498224586488
