stock,n,HAR_mse,HAR_mae,HAR_r2,HAR_ql,LSTM-32_ens_mse,LSTM-32_ens_mae,LSTM-32_ens_r2,LSTM-32_ens_ql,GRU-32_ens_mse,GRU-32_ens_mae,GRU-32_ens_r2,GRU-32_ens_ql,LSTM-4_ens_mse,LSTM-4_ens_mae,LSTM-4_ens_r2,LSTM-4_ens_ql,LSTM-32_1_mse,LSTM-32_1_mae,LSTM-32_1_r2,LSTM-32_1_ql,GRU-32_1_mse,GRU-32_1_mae,GRU-32_1_r2,GRU-32_1_ql,LSTM-4_1_mse,LSTM-4_1_mae,LSTM-4_1_r2,LSTM-4_1_ql
SH600000,395,0.1511499747540827,0.26289842373657313,0.14821343316218727,-7.984542441369911,0.15876387768139025,0.2645851974575256,0.10530624614320638,-8.046106361345227,0.15445249920773657,0.2588261555329472,0.12960247427282912,-8.05601519949881,0.14952187304325668,0.24969661261053716,0.1573883944480462,-8.072367859404316,0.16071365351853353,0.2682987120840165,0.09431853100051013,-8.038106072939808,0.1549518215129988,0.2571826495944952,0.1267886065706556,-8.063036134657015,0.14996640597901292,0.25091937444737633,0.15488328530852968,-8.062333672550677
SH600009,395,0.14314105984767875,0.24551717910335952,0.2174401433025137,-7.011808887363594,0.15158726239038436,0.2509729173129174,0.17126430068620768,-7.09027749126813,0.14905459949126496,0.25247655458757984,0.18511050468600332,-7.122015505940624,0.14269700057964754,0.24478763335542705,0.21986783915390307,-7.135544064906793,0.1519204623018945,0.25184341059160587,0.16944267888684106,-7.089057725416952,0.1501209914225271,0.25239071228680743,0.1792804827635731,-7.1328398521259295,0.14411403953250818,0.24564705847003307,0.21212081114485093,-7.130377630049905
SH600010,395,0.1736128193009908,0.29234718062933757,0.1881818223947963,-7.243754845877388,0.1897704352616606,0.30708687024140413,0.11262837883890997,-7.263549449782975,0.18819498030756746,0.30542919694347626,0.11999524826065244,-7.272960243325686,0.18512420310947933,0.30079612118731736,0.13435428441259456,-7.273475338131587,0.19114016970331077,0.31005035981444157,0.10622346402501182,-7.2601279446592555,0.19197794494863485,0.3048474237410261,0.10230600461366135,-7.270392113483875,0.18869091703192256,0.3008574322557902,0.11767623489865264,-7.261802790013142
SH600015,395,0.15461812399733474,0.27626197216498855,0.25416217413355635,-8.625844001121866,0.1756613716347374,0.2933218220337026,0.15265499204331112,-8.639922815952868,0.17318782626307422,0.2901535059888169,0.16458673493662868,-8.65341565065983,0.1981488653543713,0.32549360244377257,0.044181140521699414,-8.648148674026753,0.17758100110488215,0.29634383813452636,0.14339519614443852,-8.630608472497062,0.17620067170906195,0.29335911087276484,0.15005354801770154,-8.650871766860433,0.20040906898430697,0.3269431631634773,0.03327850299263635,-8.625597126318851
SH600016,395,0.15055529496522338,0.26783724449749174,0.18188996531669288,-8.690357324670247,0.16910900789352776,0.28678357705475555,0.08107000590719216,-8.741427997682303,0.1650070040500868,0.2805204259345946,0.10336009213367603,-8.7574254200893,0.1875839433712409,0.31445887410461076,-0.019321880727781515,-8.763982085869438,0.16998078432691097,0.28869336454727573,0.07633281583814833,-8.738263093358203,0.1667481111383674,0.28170805219346473,0.09389900223504699,-8.762137354442913,0.18757577791777108,0.313509424369029,-0.019277510057039482,-8.756919714902308
SH600018,392,0.16413228213234646,0.2907746932198154,0.47958670802797654,-7.182012907364427,0.1698060773480321,0.29898502764706125,0.4615968378585654,-7.329624449317239,0.16317897046041882,0.2916836004703449,0.48260936791558584,-7.3466881764932745,0.15900632719250873,0.2879789648270339,0.4958395441555471,-7.3553802277725895,0.17085901168619147,0.3010695937288719,0.4582583049506389,-7.328428231013369,0.1669886102492954,0.2941870394973518,0.47053016473873466,-7.344206254758881,0.16512301972353427,0.29631075443212274,0.476445381991367,-7.33517367406913
SH600028,395,0.14519119982812312,0.25933971403265826,0.15645578147340333,-8.69668123387471,0.15793269041366184,0.27450136284830084,0.08242918253651388,-8.720648416922469,0.15330487836527898,0.26725845475683085,0.10931623975804217,-8.738339036998699,0.16660091596403692,0.2885139180970308,0.032067786277240606,-8.73923967862292,0.15596165415797203,0.2745633870779665,0.09388067711718884,-8.723198448673859,0.15195238735647404,0.2645133686502073,0.11717405739738374,-8.740857825455453,0.1607132772593737,0.28429808097076487,0.06627429187793399,-8.740288151482897
SH600029,395,0.16890058335982752,0.2846965906006944,0.17751072001401746,-7.193559238315556,0.1719002607677868,0.28827550894301474,0.16290329556121674,-7.314493385531808,0.172908162587039,0.2899451450005568,0.1579951512249287,-7.306807077528108,0.17171874954345354,0.287864515945619,0.16378719443972578,-7.307760145605197,0.17277103009748254,0.2918250563125848,0.15866294052650676,-7.3121736196806895,0.173819916229806,0.2889600542991687,0.1535552163102788,-7.313405420745251,0.173591046000506,0.289523996666565,0.15466973768351844,-7.3039685144952236
SH600030,388,0.19306259260992178,0.3029617357280827,0.2785441120739697,-6.994960515895148,0.199277014218157,0.3078138859864545,0.25532143077301617,-7.1200944799428045,0.20049179457550456,0.3070877583572742,0.2507819162585909,-7.120257564102683,0.19820532412591665,0.3056174991622747,0.25932623106408537,-7.11955322651922,0.20058417988517105,0.3095161322773691,0.2504366814582305,-7.11279148693752,0.20255139225654528,0.3091812120732333,0.24308540263749878,-7.1208775388694585,0.20318649111530682,0.31085432018556325,0.24071210077267624,-7.111525195729346
SH600031,395,0.15033579440713568,0.22818618147340697,0.11116915766738256,-6.5960865589958955,0.15286915571111334,0.23288152387409006,0.09619115678191648,-6.760735155736855,0.1528440665810023,0.2318829533281728,0.09633949133349773,-6.787148943849777,0.1492615882744478,0.23350683248508067,0.11752019033742045,-6.787698929015009,0.15378561299883664,0.23402382611982853,0.09077278315891246,-6.744460895345417,0.15019103856638807,0.226121587040611,0.1120249981302055,-6.821649830715133,0.15351776681233087,0.23990542779308158,0.09235637110286399,-6.784758379764905
SH600036,395,0.13436403051565318,0.22796017685046374,0.14193803739584077,-7.530339062077854,0.14282439635345132,0.23347504705374517,0.08790930599153435,-7.5948633485856805,0.14029700106841328,0.23197625138407263,0.10404950177334815,-7.596096341817721,0.13937578722385616,0.23173281310917118,0.10993246432221804,-7.601400391594732,0.1432244736375529,0.23608786790087988,0.08535437296167458,-7.588822474419388,0.14140797750183773,0.23016582111613879,0.09695469659957723,-7.5998972097147615,0.14135087799329413,0.23411935291487745,0.09731933969770867,-7.600206872182614
SH600038,395,0.16066144413502184,0.26294910873377153,0.32707094644693757,-6.8672821800041755,0.164397647941364,0.26041844149593135,0.31142188948234184,-6.920675291961132,0.1605979989245188,0.26002056725304706,0.3273366861562136,-6.938799498580719,0.15903145078142406,0.257560211406002,0.33389815935193623,-6.938955910006411,0.16644089084306488,0.26425464436669793,0.302863784459552,-6.912355693533285,0.16107371953089988,0.2576013347780887,0.3253441345572208,-6.950911262390045,0.1622327378765633,0.26095620208428383,0.3204895963536276,-6.929695398425047
SH600048,395,0.1420473487646321,0.24094212036848797,0.09730437929736502,-6.973614960746394,0.14705551105401712,0.2383888296614965,0.06547804669972634,-7.058635892160674,0.1497437047621554,0.2399669104867164,0.048394864866057485,-7.057654807475371,0.14699861134714778,0.24465458655737013,0.06583963821591388,-7.055752032527375,0.14946127435611117,0.2418460648390746,0.050189679714111035,-7.048478990270835,0.14910306306623197,0.23688620120836512,0.05246607392683211,-7.0696701556151975,0.15055047313135012,0.25070157978934954,0.04326793866766587,-7.051028269199024
SH600066,395,0.181272084407277,0.2827743283102155,0.2705028944569885,-6.225343662737642,0.1776016124266302,0.29959480610634726,0.28527405293190633,-6.773978663469132,0.17126914405615762,0.29310336559063627,0.3107579401079561,-6.8187185482066095,0.17187281554623435,0.29361705752068157,0.308328572088331,-6.832740645444659,0.1783111979925914,0.2994126614395417,0.28241845264355314,-6.7771351603750825,0.16855414077810854,0.2921147410020339,0.3216839855569986,-6.841376613951722,0.17006233140800586,0.29262313623955216,0.3156145419208497,-6.841276717872195
SH600068,395,0.187104910114771,0.2895875550797817,0.26531125776821485,-7.276231682885451,0.18861492909139668,0.28810672633478407,0.2593819962538979,-7.464708816077772,0.18512236075503277,0.2844298940384232,0.27309596365661226,-7.465504954947665,0.1824409354473072,0.2812933035692137,0.2836248855620447,-7.476534438482933,0.1916920809286589,0.29285754342112674,0.2472992090539915,-7.447452415898099,0.18611922801986214,0.2839147816763726,0.26918165079052936,-7.474425868877372,0.19046795670568517,0.2856553063154149,0.25210587225251657,-7.454705151289884
SH600085,395,0.17526981823646223,0.27766986252038783,0.2597504185660141,-7.342823059856203,0.19164989809544472,0.2901371893814587,0.19056938453819106,-7.393591171120418,0.18766806575766454,0.2909108675506323,0.20738659671447945,-7.448572754814336,0.18109901935971726,0.28441382364400775,0.23513087063128368,-7.485572707805965,0.19182958499106761,0.29263612309726744,0.18981047949331575,-7.377390956462152,0.18443126044082686,0.28666305587016444,0.22105719787719535,-7.486433519391243,0.18257785151510525,0.2835285632101852,0.22888504408195642,-7.491883759437253
SH600089,395,0.15446663029015983,0.27974399019082713,0.6321219345357743,-7.48506066961643,0.16332024533214728,0.28345000188229375,0.6110361455346609,-7.532286322626055,0.15969282819020025,0.28335718193366655,0.619675210155314,-7.553164661361136,0.16267537692540823,0.28776146939520314,0.6125719655464299,-7.55451232785282,0.16417654386208805,0.285795512764054,0.6089967830777812,-7.529149176519587,0.16262037105401703,0.2831628411577471,0.6127029676503701,-7.54725053889767,0.16728297656091723,0.28920506596020185,0.6015984961494433,-7.530183079685544
SH600104,395,0.1509527945732544,0.27116499126747323,0.23403020930321217,-7.135420247301694,0.14510987229199632,0.2705256491930851,0.26367856374067145,-7.343576510368324,0.14619875274515387,0.27431217901113153,0.2581533296093208,-7.347072478431656,0.14382670570954817,0.26993680715230906,0.27018965113965265,-7.348856590828805,0.14816029714027182,0.27617512086182,0.24819999450202124,-7.332704792283782,0.14358262665378574,0.26951496812130066,0.27142816536381364,-7.364078929246787,0.14212959626054508,0.2672179125679568,0.27880118147347244,-7.352866085611632
SH600109,390,0.1882406502608382,0.295005832607689,0.38671646302928964,-6.606024650777877,0.18762992491363054,0.29390244497726675,0.3887061916056316,-6.74090685251401,0.18826345588903834,0.2933813300650549,0.38664216283798647,-6.750642390056907,0.1876125395598776,0.29486104946790076,0.38876283267240597,-6.7435959511114225,0.19217685561827896,0.297084021648736,0.37389240010499925,-6.708975720158068,0.18973690543708457,0.29312180949856437,0.3818416994464632,-6.754127763010355,0.19557599897853623,0.30466307764186384,0.36281807232425434,-6.732778944590982
SH600111,392,0.19182793350554814,0.2940196063101455,0.25340295921273515,-6.595461193214461,0.18700420797398987,0.28367797841631726,0.2721769674690834,-6.820236850280049,0.18983930606321722,0.28822498753507525,0.26114272545293005,-6.8219649392056505,0.18667289696491252,0.28806773420840004,0.27346643462038456,-6.815084642666018,0.19061270385856044,0.2893977500920457,0.2581326502527094,-6.804568984621517,0.1916151567174558,0.28728469949395435,0.2542310894930071,-6.829830087540219,0.19511614413649267,0.29716402149696197,0.24060519675090153,-6.7940251929852895
SH600115,394,0.18318796367739412,0.29752868286721923,0.242351879228209,-7.053875980776097,0.18878066717546485,0.3071782385526814,0.219220985635171,-7.212430691766659,0.19085897067851884,0.30866045165774053,0.21062531858438538,-7.203958504859136,0.18698944254749372,0.30353182251404587,0.22662932156521298,-7.208351418145303,0.19002514581099314,0.30985260226513167,0.2140739395049508,-7.2101493366212335,0.19285708816396485,0.3081827047715046,0.20236129333109176,-7.206977012252942,0.1906939482973788,0.30689577161440995,0.21130783557101573,-7.200946840725589
SH600118,395,0.16722656721514262,0.2781878718120194,0.45827681022272637,-6.202165134345553,0.14365669905184325,0.2663590586866386,0.5346303727976576,-6.5685450707269775,0.13816224601115354,0.2643145424776219,0.5524294144024198,-6.605934967913682,0.13760707883383405,0.26337481374786254,0.5542278543223771,-6.6011921225314465,0.14535185621502889,0.2677541322324162,0.5291389849105088,-6.550096430428111,0.13119792702442223,0.2577924583129002,0.5749900227970461,-6.64820928001356,0.14390118416152783,0.27173143898922375,0.5338383739204637,-6.588932984380478
SH600170,395,0.14845220776030835,0.2736369977051659,0.37893515204740347,-7.975612437985465,0.16143521077951303,0.28021890513282854,0.32461944386265573,-8.012244525527388,0.16040810085403112,0.2804408163201747,0.3289164622723111,-8.025006316723905,0.16367792394884312,0.2870424778916834,0.3152368261533912,-8.029714864219548,0.16407482394688314,0.28506404841351596,0.31357635480942103,-8.006085384623539,0.16167658245536395,0.2802076760810941,0.32360964100809353,-8.026474740995857,0.162127776515019,0.2857987873847374,0.32172202495788826,-8.02410446075717
SH600177,395,0.18376327083875435,0.3074187337984047,0.216810979882481,-7.86457302426351,0.19186130245804647,0.3202580161907295,0.18229761156983704,-7.955551189994974,0.1964048293373065,0.32844384365898677,0.16293334825321548,-7.978065568958604,0.2070306209243633,0.3461433447934748,0.11764680506612635,-8.006022832771643,0.19615107428423595,0.3289484212245563,0.16401483842509312,-7.961977872292746,0.192010680853004,0.320702938516944,0.1816609690120532,-7.979217858727991,0.20966174440300106,0.34979252209124845,0.10643310055576927,-8.007256395584161
SH600188,395,0.16243824169438953,0.2668541289215362,0.10454089252903331,-7.362921411469568,0.16924236415331523,0.2688293296721135,0.0670324009285409,-7.435066343691475,0.17303152352272216,0.27372504827971494,0.04614423302176174,-7.426312486995276,0.16946374777054246,0.2721408375453339,0.06581199879771771,-7.430105927625848,0.17143166160213164,0.27215961504182196,0.05496365209786869,-7.4208196003197875,0.17393374599032968,0.27028063957081594,0.04117063002558996,-7.436531426901868,0.17206805372950348,0.2713335826866615,0.05145546880042773,-7.4264182579913065
SH600196,395,0.17888985169798222,0.28083749081647447,0.36680820686998983,-6.476134398916426,0.18497107181850325,0.284387709622205,0.3452833487744512,-6.5890306585483955,0.18046494966008725,0.28592816611235833,0.3612330493442041,-6.63193504726835,0.18301515105682611,0.2851612813773723,0.3522064523633427,-6.619009888271919,0.1879654548620992,0.2886472977066215,0.3346845431368143,-6.562189115522847,0.17701100107747048,0.2814764647302562,0.3734585158849124,-6.670509539520583,0.19023954015303043,0.28837981939554724,0.32663527634259526,-6.605466825429238
SH600208,394,0.38349764526357655,0.3643002169551003,0.009255490328852645,-2.6639215150806765,0.323065146199189,0.3431597334248268,0.1653794389194576,-6.860914805728965,0.3295898330567443,0.34634405148176817,0.14852327888488037,-6.82914269290031,0.32620338176327635,0.34640357059736243,0.157271984561981,-6.824842759157177,0.3297127032691534,0.3501300275821629,0.14820585062984437,-6.841594570602552,0.3237296440844487,0.33988138114241834,0.1636627461583935,-6.877797465989252,0.33466704824853516,0.3574254340784716,0.13540658015722984,-6.810439256190806
SH600276,395,0.13701670109680325,0.23207996089083588,0.005602416097142959,-6.885902339437096,0.12823506745422975,0.23202473600233678,0.06933505019935804,-7.148671378551805,0.12952480913383851,0.2337688662871327,0.05997476054272943,-7.161609714672891,0.12665024837853237,0.23006875536137747,0.08083686163680626,-7.1627648814020946,0.1313362445721313,0.23447961825759542,0.04682828271327322,-7.1367339791063165,0.1267453041829175,0.22957048841629774,0.08014699491647326,-7.177788431807427,0.12700871753048196,0.22917768143389172,0.0782352747079944,-7.168814711961105
SH600332,395,0.17073688857830274,0.25096011253398753,0.18393331718753203,-6.667111793832413,0.16194297339728822,0.2420679577663597,0.22596536574166448,-7.078538948431764,0.15781735267563088,0.2433319991111382,0.24568448821660194,-7.130340038779666,0.15316429902492473,0.24150090815698808,0.26792456819755317,-7.193083857659993,0.16614368219635292,0.24707097340902998,0.20588734672855757,-7.024412881507421,0.15140052333488638,0.2382395144011537,0.27635484116656506,-7.203557637943664,0.15067412006935166,0.23907298911053745,0.2798268120348709,-7.2189280128562245
SH600340,395,0.1297917269847154,0.2339911079347815,0.3363877395042971,-7.267086786262506,0.14155649573299714,0.23542578040197956,0.27623564071778617,-7.269218224033908,0.13654027832648397,0.22783934077603857,0.301883064090665,-7.302170734710375,0.137744823177212,0.2307522618018724,0.2957243454278474,-7.309997015892901,0.13909877388933495,0.23250440510858322,0.28880172937561266,-7.2846031442490915,0.13904938631915606,0.228258736302236,0.28905424313629824,-7.288870271132845,0.13961061789630166,0.23197093892122794,0.28618472160188635,-7.307297843306977
SH600352,391,0.16611103785577988,0.2719286358676477,0.3872432583194334,-6.859266745688786,0.16760433317890008,0.2657424378048596,0.3817347334894555,-7.024226802886068,0.16540246560839034,0.26565932958900534,0.3898570666921958,-7.0361200675466105,0.16609356332912795,0.26606745608127336,0.3873077190208526,-7.0222031979300965,0.1691945274964428,0.26961441732839814,0.37586876394742896,-7.0170266246443225,0.16723476694238495,0.2632829922992086,0.38309800353969015,-7.03839047697487,0.17309953183658988,0.2717988583188706,0.3614638347711121,-7.0089909226459115
SH600362,395,0.1735746740820498,0.2817932913110368,0.23813673769859156,-7.293087649900077,0.1833911489670816,0.2844411400318733,0.19504974001438502,-7.371312787846852,0.18961404370420504,0.286359626878689,0.16773587691508274,-7.358799883052126,0.1803517180467546,0.28156640260924426,0.20839057310968734,-7.369334560506228,0.18716988806366483,0.2881020336440206,0.17846389584827171,-7.356950644550361,0.18856162014590805,0.2823201208797472,0.17235523080232074,-7.368165221882851,0.18094811350257498,0.28334976305047305,0.2057728422108911,-7.364342965400208
SH600369,395,0.20968025940801838,0.31610114110159365,0.30360820972626124,-6.712295726354016,0.20365577958316353,0.3112832035954055,0.3236167613302291,-6.891329379427449,0.2089821806480948,0.3143365102016268,0.3059266746058248,-6.8908538210694905,0.20850561424024694,0.31677326378650605,0.30750945085229864,-6.8754609241031535,0.20865145342960711,0.3158179363843733,0.3070250885453397,-6.878618147853084,0.20882169349483407,0.3125987133190167,0.30645968585013883,-6.9026199151970875,0.2154046404825321,0.32458099899550197,0.28459634854321814,-6.85389448360937
SH600372,395,0.17084178228812488,0.28150318243314104,0.3039590521458415,-6.850663328376674,0.1798689281681272,0.2815407241220871,0.267180793978657,-6.917087002550715,0.1790097384463591,0.2828469815099718,0.27068129145835107,-6.929224361895755,0.17843514558463885,0.281998975377497,0.27302228881125556,-6.913613570041652,0.1824904973812827,0.2872121442233737,0.2565000372249453,-6.905976438980461,0.17875546161067968,0.27707333436256487,0.27171726221066483,-6.940359738003202,0.18645531188164985,0.288453196261531,0.240346651291244,-6.891619318778414
SH600383,395,0.1449927935574046,0.2396704267844635,0.1353905603160448,-6.672825599107372,0.15054365087442162,0.24029064974628017,0.10229013155072453,-6.777262484599001,0.1511452759378036,0.23963608783684212,0.0987025690506298,-6.79682890309459,0.14826126369937678,0.24409616701328088,0.11590028035978295,-6.781981446565108,0.15125097253724584,0.24345214958582065,0.09807228753540354,-6.772358487224353,0.1517722596045812,0.23623509346937763,0.09496379015325696,-6.804920460252074,0.15278606183318627,0.2500209467236569,0.08891836571995548,-6.768392878856716
SH600489,394,0.15763858087113575,0.2781038068960603,0.11802471745729526,-7.123138465472602,0.16271898832272214,0.2810421484343598,0.08960024311362014,-7.169450371760381,0.16241923128537541,0.28596085431750506,0.09127735982100882,-7.181864042327372,0.15706808971112257,0.2799961387358863,0.12121656998007369,-7.1854004617548055,0.16357595367941982,0.28430875517910303,0.08480559031716661,-7.155779184664582,0.15853561789102924,0.2809839114961676,0.11300586690243919,-7.1989562307179025,0.1565900007934644,0.2778132258305417,0.12389143932932756,-7.191980996211132
SH600519,395,0.13782537261034009,0.23840176094730234,0.15874252018038704,-7.430561008703134,0.1380923424225445,0.2351130541038143,0.15711299183484817,-7.526433199428775,0.13731025427384577,0.23516307388623042,0.16188669563488223,-7.534358019812181,0.13507489548167737,0.2346416221775485,0.17553086193297585,-7.5346348338009035,0.13865803041333974,0.23710424498157023,0.15366014970217323,-7.520029960091047,0.13478226896413173,0.2297855702238937,0.17731699348492758,-7.547794620138399,0.1372085576522069,0.23754897624888696,0.16250743071439444,-7.534126865307948
SH600547,395,0.15638894511297818,0.2678642053087758,0.12964783124592372,-6.944526063671942,0.17251973020983835,0.27685996435375193,0.039875093264886696,-6.9915040123445245,0.17238722848820526,0.27835859877403824,0.04061250575081199,-7.016152585049443,0.16487823711147964,0.273303541019152,0.0824023325519806,-7.019984652316139,0.17174699671664864,0.275734791062759,0.04417559079161859,-6.977372582168541,0.171230426587457,0.27356354627051777,0.04705046108331801,-7.033433148155879,0.16994562436201796,0.2751072574344269,0.054200777255110744,-7.024447781840024
SH600570,394,0.16166632961726543,0.2631729398690529,0.16267959060183068,-6.30200100621656,0.15501559688222222,0.2673583723111195,0.19712581245698102,-6.5822655508409955,0.15250175774517033,0.26308127332216813,0.21014577041842308,-6.610138564444154,0.1540828777150834,0.26735380153029004,0.20195665631130222,-6.59347778172403,0.15876564905271343,0.26968024560607184,0.17770312112667175,-6.565572987815947,0.14992419451353292,0.258784108651751,0.22349577536672505,-6.629308479252455,0.161599010423502,0.27339223438447013,0.16302825773008056,-6.574310231139394
SH600583,395,0.14243541865568324,0.2390615202408516,0.12241010506778727,-7.023843346244039,0.14538413526877764,0.2394404675376836,0.10424212460973903,-7.147833311232366,0.1478413805366054,0.23971160891288898,0.0891022553499129,-7.16236453057922,0.14275839163964757,0.24262183567076967,0.12042016583962123,-7.164961334502061,0.14647606272986255,0.24052051582343165,0.0975144123953805,-7.131747127089244,0.14682560158920974,0.23705651097066285,0.09536079236361894,-7.184786584392822,0.14485017355788776,0.2445420765977494,0.10753203245836507,-7.155435442522098
SH600585,395,0.14586912691395104,0.23256082735450237,0.10995820589266958,-7.1403162662795525,0.15676861317261168,0.23864292749841085,0.04345339771465684,-7.233190120679344,0.15849597747643132,0.2403005613194287,0.032913631990580505,-7.249606502387654,0.1509806128578917,0.23719710256813914,0.07876972745073663,-7.249888802826737,0.158328815204584,0.24078011404103994,0.03393359702012244,-7.222052901323519,0.15741409131636083,0.23525790416918196,0.03951491849514055,-7.269101839141973,0.15140761217154866,0.23821838034725074,0.07616432873991785,-7.251616409189239
SH600588,395,0.16287118263294698,0.2560757987901724,0.2361369764746727,-5.951392189589382,0.1572364330359421,0.2558965840417493,0.262563854418307,-6.180521006471542,0.15479901995600945,0.2510367930112098,0.2739952795158547,-6.207104545003729,0.15612794834664062,0.2594570127597222,0.2677626283979224,-6.200784828664602,0.16183001806282332,0.26035716352112825,0.24102002026219427,-6.154547859581048,0.15125253166497132,0.24866565389402542,0.2906282481300432,-6.235543148864455,0.17385946032781277,0.2780854186600391,0.1846021445440168,-6.140661396763829
SH600637,395,0.16850614213882223,0.2748021978373211,0.23285792991141208,-6.788347740297926,0.1555546906888609,0.27201862227210294,0.291820785210715,-7.338183260486293,0.1549366489054537,0.27252685067019283,0.29463448592872,-7.348115346466499,0.15689040983375768,0.2732381426440983,0.28573978224627183,-7.33698195762043,0.16004948605580968,0.27702262225658814,0.27135775295171916,-7.309659133631671,0.14815070808247188,0.26630924196999295,0.3255282006881036,-7.40110910781154,0.16395143788773867,0.2788208779261087,0.25359370371447587,-7.325183785017104
SH600660,395,0.1648824855779578,0.2639869360150795,0.3231833638712892,-7.141879132418739,0.1674562624602922,0.2598579289804777,0.312618415110714,-7.28850877583525,0.1682087372203501,0.2624391518772217,0.30952962472713286,-7.302801143900252,0.1641916616266502,0.2603096849921162,0.3260190873942711,-7.305731967365832,0.1696113088985476,0.2633626017239892,0.3037722888776667,-7.274309160069667,0.1641454092474989,0.25552080369089797,0.3262089461264488,-7.32767361193816,0.1696812276199344,0.26118064560621806,0.3034852835377997,-7.301937680460155
SH600674,395,0.12688109114732607,0.2381146955394767,-0.04990832796345446,-7.979442420612757,0.12518933370113444,0.2340373956631761,-0.035909471115759484,-8.06571496608934,0.12300803725472331,0.23317851228577122,-0.017859805210971746,-8.082627842572425,0.11896679399795512,0.2283957389229993,0.015580441182247218,-8.09913986136469,0.12488908398663962,0.2332014355047645,-0.03342498211218725,-8.065195874172717,0.12248318705211857,0.23026335561141273,-0.013516805054958114,-8.090423333110198,0.11939388248740643,0.2299653510374041,0.01204639400628471,-8.095148733540297
SH600703,393,0.17340351448195612,0.2722176893795181,-0.0494240854730994,-5.584324911900359,0.15819891877088643,0.2692734584770391,0.0425929015917037,-5.975877305158507,0.15517730135371294,0.26257527235438266,0.06087948652131203,-6.0054706020496615,0.1607419524375324,0.2697054425228215,0.027202666924776242,-5.978022947226488,0.15757458777058375,0.26763486938220526,0.046371302456198915,-5.969503287991153,0.15710139479983445,0.2643369261144371,0.04923502815440306,-6.010492073419129,0.17382756868223714,0.2845656923383005,-0.051990427295238284,-5.934707676734984
SH600705,395,0.1780202073067751,0.28781239929350527,0.38482481655215717,-7.023755006656969,0.1829398481479339,0.296589027589418,0.3678242692393342,-7.154268578435636,0.18077861918815116,0.29461492727676225,0.37529271589447155,-7.171510157688278,0.17923152685476734,0.2933117812389073,0.380638922509994,-7.166468298416561,0.18361204038476348,0.2962827657708919,0.3655014094423492,-7.151104108448829,0.184049086678957,0.29691666181116555,0.36399113126509497,-7.1718113160685135,0.1849024320801106,0.2971075990671428,0.3610422698878335,-7.155240173538227
SH600741,395,0.1445927749556925,0.23756352703882574,0.08237752461618464,-6.372016808142477,0.14675680979834485,0.239926485825282,0.06864400985557528,-6.55549308633046,0.14315526924059555,0.23808944436519164,0.09150030100020412,-6.584858898686501,0.1465705487586197,0.24542430099602722,0.06982606972262284,-6.569828286862908,0.14957405035252488,0.24412282627382162,0.05076508574010319,-6.534526709575407,0.1416269549909496,0.23347209420498669,0.10119937140918012,-6.609316547593503,0.15325919031138652,0.25333230962381287,0.02737825156237439,-6.560578359787778
SH600837,395,0.17535617058941477,0.29178500304578514,0.3288807216976374,-6.928153591045138,0.18350887845613714,0.29624046059537973,0.29767885750697975,-6.989112245107967,0.18579479065063362,0.29799622505682655,0.2889302646455111,-6.997036469951064,0.18343972067379583,0.2951584119752885,0.2979435366501082,-6.984744626030161,0.18517673690495967,0.29816035045872546,0.2912956663439775,-6.982042607482127,0.1857570298791165,0.2962879558999595,0.28907478183953705,-7.003407191770702,0.18624881492007248,0.29595357430041946,0.2871926329498976,-6.9813700104941905
SH600886,395,0.12539792750486267,0.2252007689749459,0.03992298262083638,-7.540570279254981,0.13128728027690184,0.2304027663599986,-0.005167333911339167,-7.622222450824738,0.13095285869893908,0.23070250151817062,-0.0026069210121288933,-7.633298490288072,0.1246760137200398,0.22473024435212988,0.045450130055635585,-7.642979419950884,0.13130055363900492,0.23112582034362567,-0.005268957998372459,-7.618562584467725,0.1313762157496543,0.22747232060461076,-0.0058482455110633325,-7.644279513727926,0.12761765680123768,0.22961536999803697,0.022928195508663207,-7.6406417347582085
SH600887,395,0.12413107864505576,0.21542784890711378,0.2107292252943972,-7.169627845309493,0.12348417565110778,0.21601135302078214,0.21484247100825005,-7.309103886098803,0.12241387228906704,0.21738298845887932,0.2216478510383667,-7.31909400317853,0.12231341724752191,0.21796776011591878,0.22228658091430786,-7.313089050698817,0.12459513786070368,0.21887256913438102,0.207778567162351,-7.300156294958898,0.1218870223502138,0.21278112189787096,0.22499775554198687,-7.333382883697501,0.12786853704179577,0.22283393625029224,0.1869650985630098,-7.308281855370752
SH600893,384,0.17917113118450342,0.28124955374408506,0.44246864897918037,-6.7082383047587015,0.16577585954476334,0.2673613905783572,0.4841510553201026,-7.023382681830378,0.1671394529763529,0.26918192701657745,0.4799079270709743,-7.027960337638691,0.16668092436199988,0.2721231450772071,0.48133474218427896,-7.016043368558978,0.16916054974128816,0.27302855017335714,0.4736188290313029,-7.006934954152314,0.16337560600351175,0.259078767778297,0.49161998511252814,-7.053896319888035,0.1742719173049403,0.2791763524270516,0.4577136570067294,-7.008947692841193
SH600999,389,0.15987900540923164,0.26780690195532497,0.2889076711168074,-6.890927723219377,0.14880237573348357,0.26753068445316547,0.33817309137723117,-6.998838299919858,0.14792837910713977,0.26403853822297996,0.34206035784397004,-6.984445451786618,0.1502408988072619,0.264885418952578,0.33177498600956934,-6.980932293697474,0.15177278907185046,0.2688277518265345,0.32496161227703,-6.9873162940543985,0.1467363066041899,0.26423965657517984,0.3473623273561678,-6.988654533668671,0.1547333624966186,0.2720321235124651,0.31179389806677826,-6.963490159537898
SH601006,395,0.13726698866378753,0.24488646832704516,-0.05924691047600761,-8.585995888149991,0.14655962954536375,0.2535776702181657,-0.13095534700390377,-8.648506374425397,0.13946351831728301,0.24352947243470713,-0.07619685067563409,-8.667110693568418,0.1397969108006532,0.2472590433931098,-0.07876953738948633,-8.685573538595127,0.1453762058711581,0.25283903353803455,-0.12182323240818804,-8.648764473973467,0.13846610376707916,0.23977595413756106,-0.06850011097840802,-8.674194666053479,0.13699686364099004,0.2430605701985494,-0.0571624391939769,-8.686331036186493
SH601009,395,0.16781822680148442,0.28493061744272086,0.21865069968347217,-7.663162295721297,0.17981678441905893,0.29039569901874845,0.16278629938570632,-7.721846941747743,0.17534171898208042,0.2874079074420276,0.18362187436881006,-7.725843599584083,0.16985905399050516,0.2810698452966086,0.2091487586452404,-7.744083587101029,0.18183809776046322,0.29380187747103725,0.15337521338433324,-7.7127594379928155,0.17515473493804354,0.2841222187453763,0.18449245830217154,-7.733979093832153,0.170394619816914,0.27959598582951567,0.20665520361421863,-7.735964786625945
SH601111,394,0.17240329910857444,0.2804400799064738,0.08779896658815978,-6.953435826915046,0.17814362135197873,0.28607094619518636,0.05742641623891931,-7.105795824992449,0.18229675489441174,0.29007377578102594,0.03545182103747302,-7.095527897159056,0.1760257685272654,0.28596640636172316,0.06863216198338462,-7.100421855409286,0.17906694290356875,0.2877430290280673,0.05254104062321585,-7.104265831017185,0.1852356717902373,0.29122855156351557,0.019901753008929934,-7.098924669743299,0.1793119265216693,0.28835916622915037,0.051244810732281154,-7.0961545371838
SH601166,395,0.15139642098349154,0.26768175138877465,0.09626699731420962,-7.82334772603301,0.15836771578768669,0.26951660925445026,0.05465313917227821,-7.883843651402905,0.15354225569766217,0.26547503243866133,0.08345783289072384,-7.884427234664451,0.1497925369875155,0.2619403402821099,0.10584108691439353,-7.89660509433411,0.16075625122867224,0.27432200108143445,0.04039521753793074,-7.8756064299716355,0.15397477751177974,0.2630862274738823,0.08087597372086786,-7.884011203903853,0.1511472230088666,0.26166319475937594,0.09775453864714223,-7.890073002231968
SH601169,395,0.14012178775060175,0.2617742542772196,0.1785718337159915,-8.576580175432943,0.14886720083220858,0.27091197919594734,0.1273040848074023,-8.621335444381243,0.14298560754965878,0.2607260276984959,0.16178342212154162,-8.634006725527845,0.15555990372948844,0.27564168765181385,0.0880698246923286,-8.644465144795031,0.15049418510315352,0.27274718416049293,0.11776630536774846,-8.617184758476583,0.14170758480165496,0.25693319658624203,0.16927550382571266,-8.631637072706434,0.15501607599443765,0.27347983103142454,0.09125787578950884,-8.633254010924828
SH601186,395,0.15881054920983798,0.27027568311634736,0.2664026756172573,-7.508122843689468,0.16743800749722684,0.2704439430296342,0.2265496535898004,-7.573364506743921,0.1611358455232747,0.265914202030878,0.25566137938459754,-7.577103814851767,0.15781526210192473,0.2649379785307547,0.27100022888428266,-7.5925732069194725,0.17010711456496783,0.27539076108244304,0.21422018421180167,-7.56560783917385,0.16304018291104633,0.26569886976543183,0.2468646286690932,-7.574217303619692,0.16172792277926729,0.26555288137556293,0.25292638291877634,-7.582439765633804
SH601225,395,0.1576258368969549,0.2621170675284293,0.11826942120882245,-7.2423431968951215,0.16263395360246446,0.2709139352670743,0.09025491718884071,-7.442852243355481,0.1599860623523354,0.27009919718622977,0.10506674455492593,-7.454010362711398,0.15750759603715514,0.2688035407759231,0.11893083931007031,-7.465051219797032,0.16460590220789198,0.27365875055732997,0.07922419139262038,-7.428019815480748,0.15807559563007134,0.26715603662738624,0.1157535517557301,-7.47473307012965,0.16160786776312935,0.2723407114684613,0.09599465680778296,-7.461531043804823
SH601288,395,0.13914806794492796,0.2557067472454697,0.09148923567115663,-8.943538337567743,0.1522431168720508,0.27399750453040594,0.005990435109925807,-8.98285042791669,0.1477585623197373,0.26627027551139254,0.03527051167993789,-8.996287021591229,0.18352378888318913,0.31563334121661313,-0.19824400132369213,-8.974384577753437,0.1550555235074726,0.2779150716819996,-0.012372031144092244,-8.976924853221602,0.14415541015091843,0.2578163815719197,0.05879582956061702,-8.99713085653059,0.17977074147798042,0.30970574841901605,-0.17374000340962814,-8.970752427022253
SH601318,395,0.12793533864544643,0.2283404504178138,0.32174721626940583,-7.794253884557774,0.1309337168458114,0.23390582172268512,0.30585123019857796,-7.895863476553854,0.12492473387815403,0.22270927583541528,0.33770802182749815,-7.898707206695133,0.12730558230192876,0.22441936353948674,0.32508588717601594,-7.907417045962926,0.1323781153087312,0.23472294147859235,0.29819371126233973,-7.88689449932239,0.12410724274797294,0.22092481332861544,0.3420419739676259,-7.899026570820545,0.12667274274577794,0.22497385286387483,0.32844090382082003,-7.904158359731378
SH601328,395,0.15190526840138888,0.2838217280211935,0.3106992744056537,-8.858907624173819,0.17736218480171387,0.3086507001920176,0.1951833931541106,-8.88892221772985,0.16876766688829373,0.2985854982262324,0.23418274779268833,-8.901023744568715,0.21376728064106573,0.35133030794455555,0.029987944428202407,-8.872598858221604,0.18177511860323634,0.3146063690559986,0.17515881794746524,-8.879662437878308,0.16619828377568346,0.2933865000405705,0.24584184074246207,-8.899822487255735,0.21405836656521843,0.35041542129202385,0.028667083467682097,-8.864643564744048
SH601336,395,0.15331477220754394,0.25475746182474424,0.38321004713123663,-7.013392301501295,0.15907426823586096,0.25929379327959956,0.3600394208914861,-7.130483008207054,0.1562225974918985,0.2561919527801378,0.3715117783064964,-7.13092726902443,0.15819232768762792,0.25838830188881867,0.363587494318105,-7.132767669165611,0.15937312676693474,0.2589823732703712,0.3588371040068099,-7.122469009708019,0.1562996858282744,0.25477039198623064,0.37120164960411905,-7.141358851249164,0.16194227271841838,0.26227853225889236,0.34850135235345037,-7.131097949499143
SH601377,395,0.2093959507313119,0.30843201725869324,0.2994527837277635,-6.725983015969631,0.2036166671737505,0.30428948352978735,0.3187877374083753,-6.9711175518883985,0.20502808672597067,0.3041078347618823,0.31406574524545705,-6.964045560122424,0.20140810108852766,0.3008458625501888,0.3261766330271899,-6.9733375316763055,0.20986122156986603,0.31106127511531945,0.2978961911116056,-6.953397227326469,0.2056192296421102,0.30437813752124393,0.312088039741247,-6.970900724731467,0.20410381893107493,0.3046481475393409,0.31715794081343696,-6.959719007047411
SH601398,395,0.14327049015905285,0.26736111278310665,0.11467335526637701,-8.691900617376428,0.15809823017559627,0.28423741393673957,0.02304671740637254,-8.716181928285144,0.15013374026013265,0.27268120383494454,0.07226254074894833,-8.730941479568353,0.1641122301351218,0.2973357703237096,-0.014116234990062981,-8.72252692535214,0.15984607794486666,0.2863157116382203,0.012246054971593368,-8.711109268203709,0.14897263644517994,0.2689496834521094,0.0794374735877924,-8.728159508970586,0.16362521754606804,0.29523845756417955,-0.011106786073322938,-8.708696842233053
SH601555,389,0.1993126823001758,0.3113976367286016,0.3508382028968998,-6.559776096624256,0.201683182999962,0.311776981912759,0.3431174774691532,-6.692439422937139,0.2040009597251358,0.3115423685025114,0.3355684741301106,-6.69401248146379,0.2023560614208783,0.31334644603008177,0.34092591113271664,-6.686830740529782,0.20517719677640778,0.31506264465702005,0.33173746774752133,-6.682053995919584,0.20521161930542103,0.30998535398860283,0.3316253535030227,-6.699779439269534,0.21023504485500136,0.32380806468137474,0.3152640466371207,-6.664826031015254
SH601601,395,0.1425016084901573,0.24538185829880885,0.11247514235088352,-7.175215075626495,0.1488666084724087,0.24869350625720318,0.07283281295518063,-7.296093928508907,0.14818591465749478,0.25094293216007707,0.07707229268867322,-7.287396007008101,0.15075764493802163,0.25454997054866807,0.06105510821391569,-7.2882636302653445,0.1506933229867628,0.25138455544797556,0.06145571653854853,-7.289587391169224,0.14906166297488624,0.24945615346914465,0.07161797951309257,-7.290151108550264,0.15123555564586813,0.2545070845389631,0.05807859701909823,-7.289261106412554
SH601607,395,0.19490307677566243,0.309965969126583,0.29333305189640535,-6.9590952846767005,0.19584239124663314,0.31522759274721845,0.28992734634525874,-7.157453912417021,0.1911718689851146,0.31483067113816293,0.3068614233603495,-7.2089595785805844,0.1867331203450744,0.3096271328384369,0.3229551505951772,-7.232977288889079,0.20040262359140695,0.3208139090266555,0.27339315136467446,-7.119979266318222,0.1878691543400961,0.31144453742828676,0.3188361921390829,-7.24349706645173,0.18604785499571805,0.310109476940467,0.3254397413008857,-7.232119419913561
SH601628,395,0.15858127679091114,0.24478485588550963,0.32674564332318756,-6.679093837327836,0.15936721357454098,0.24294217801062326,0.32340896087013216,-6.951511240118052,0.15647072441948906,0.24057549619991908,0.33570596075667636,-6.952056413886477,0.15410274678315422,0.24144494415926193,0.3457591731688686,-6.9621877426407535,0.16079827356057735,0.24352151848927098,0.3173334178441092,-6.944614549846419,0.15668010940621147,0.24220487641292324,0.3348170200356386,-6.967993863743816,0.15831832355869294,0.24746597397183437,0.3278620072015449,-6.953747254577888
SH601633,394,0.18186337429384372,0.2985084509690726,0.3593407966694606,-6.310372374545187,0.1900652094719748,0.30426181334558916,0.3304477817263868,-6.3870256112457975,0.1889007602318892,0.3041200470117969,0.33454984529673903,-6.408301153752069,0.18884481981688328,0.3045459993220409,0.33474690939417384,-6.394975873014659,0.19187546631571392,0.30621657769621774,0.3240706994148066,-6.377593375145914,0.19009062388644735,0.30356816318593793,0.3303582530975888,-6.417860438937481,0.19750635040796224,0.31333097396369697,0.30423450243125305,-6.376356151557485
SH601668,395,0.1448230510684874,0.25666112557747106,0.09384491631762748,-7.8181989591206555,0.15803431536312434,0.2626684053815819,0.01118228620361783,-7.864336373764878,0.1506269997204642,0.25281763968963256,0.05752971968547593,-7.873888727438265,0.15376247615109012,0.2553760341701563,0.03791110312950852,-7.872081771874393,0.15926492894923108,0.2659939363315787,0.003482360336347967,-7.8548175018433,0.1526179375305662,0.25077961455035463,0.0450724595697074,-7.87541987334421,0.15786203637526508,0.2552797828253719,0.012260232563044537,-7.86338290501003
SH601669,395,0.1870655424202602,0.2942390681364069,0.26334806445740455,-7.510382901402782,0.20138877258101445,0.29355289269027673,0.2069441159555615,-7.528882937889208,0.1985858006215672,0.29170858609045125,0.21798203717014653,-7.532147994742207,0.19800877185165708,0.28926637520580006,0.2202543389244861,-7.546060148752702,0.2059837113948645,0.3014414452306269,0.18884954585393365,-7.510296637660183,0.19910376159492238,0.29019711291901673,0.21594234055568162,-7.536652966071982,0.20197453390098324,0.292103055968965,0.20463742598723167,-7.53550099872724
SH601688,395,0.17043542095806336,0.27934606487879327,0.28164787300846494,-7.072988614978576,0.18150124542098603,0.28344170960270576,0.23500757667117134,-7.149054651183074,0.18182419327502342,0.2820731260642264,0.23364641432269329,-7.137457930002015,0.18143434476680864,0.28073517079452415,0.2352895499074581,-7.144986737544021,0.18765066999899585,0.2900216176309571,0.20908894895543184,-7.131692623679273,0.1818822691575374,0.2814811232269413,0.23340163578137652,-7.146085121548413,0.1821749540157759,0.28288221175257217,0.23216802607001508,-7.141795771183868
SH601766,395,0.14135016567394712,0.2589021986273559,0.2735951067849338,-8.05771835477061,0.14911576605733734,0.26533357254841605,0.23368733525632113,-8.15271586985771,0.14308762047090223,0.2551981445241143,0.2646662480161407,-8.162150569083236,0.1401194403658331,0.24809262286796316,0.27991985979640077,-8.176924563798213,0.1510656060303119,0.26986040214063584,0.22366701946396317,-8.1437045178131,0.14432582648987627,0.2554063126614148,0.25830305129328845,-8.155879462018683,0.14221447580422958,0.25205916292618513,0.2691533779415396,-8.15388901428659
SH601800,395,0.19868886177731546,0.3075700950613619,0.232534924609337,-7.3087326555483,0.2195071919412607,0.31270051270279253,0.1521210494385845,-7.347366094546308,0.2172864598694627,0.3124190706521833,0.16069895507284726,-7.345253946956892,0.21325333643199212,0.3085009184139292,0.17627749005115578,-7.360607309437625,0.22420108843841252,0.3192622376713241,0.1339901809196432,-7.332277298390485,0.22015820148685475,0.3115171786419834,0.14960642891320564,-7.338714875887493,0.2183847865814755,0.3111396450231518,0.15645650592246052,-7.342710463003636
SH601818,395,0.15836993900500737,0.2672435885475911,0.240938119605143,-7.783598314479652,0.17142919815637994,0.2795770593571758,0.17834552235920242,-7.8015825220739154,0.16725582184813462,0.2729616516236533,0.19834837699206231,-7.8007471981945375,0.16519845225386703,0.26873521289988994,0.20820928142066453,-7.8018119846314855,0.17529897744505346,0.28472892134297584,0.15979779820126916,-7.790959728347634,0.16774757494151932,0.27117329132913665,0.19599142067762698,-7.803163253595972,0.16532014582247254,0.26877832341573527,0.20762600817071564,-7.792902948005502
SH601857,395,0.14285500098830747,0.2617017444114745,0.08198433599844035,-8.733394937797634,0.1595061115920832,0.27649999618795273,-0.025019130814315504,-8.77625724398948,0.14877625470641642,0.262313981331911,0.043933139847481706,-8.785309833146947,0.16922291242799645,0.295196897833408,-0.08746129461425078,-8.786035467843964,0.15718672271282444,0.2753927099586615,-0.010114260089874927,-8.77181927892163,0.14528150790247907,0.2540464021405052,0.06639110271569426,-8.784992037425779,0.15743204581109974,0.2773434905641271,-0.011690756855126772,-8.784940694033365
SH601888,395,0.148465099416012,0.2426921030446014,0.46337550046369436,-6.471873044929576,0.14182229032997343,0.23663279618403407,0.4873858174697274,-6.7213756485954805,0.13812902729142296,0.23645206636354435,0.5007350519868893,-6.731991124703185,0.13985406526240157,0.24087266345021274,0.4944999324773294,-6.7223882341800625,0.14327711298000595,0.24001655659715262,0.4821273865013811,-6.7141538832162455,0.14130871586966826,0.23727394876810143,0.48924212335454453,-6.738365194890694,0.148081681556647,0.25160709210680726,0.46476135759580384,-6.698852220931031
SH601899,391,0.18073465144852716,0.27544303382796476,0.21658146667757583,-6.7171002581119685,0.19174616136209907,0.27994937703741857,0.16885060335382251,-6.9195338226146745,0.19403056259266846,0.2819049276686907,0.15894856051240158,-6.908581993228031,0.18874640837968568,0.2791833106539135,0.18185343409478405,-6.903075971178499,0.1970294761431993,0.28537784043891296,0.14594936840127104,-6.897096658366408,0.19071366631172093,0.2749377561121607,0.17332609132221732,-6.939342092675678,0.18326230395190435,0.280950745552401,0.20562501864133154,-6.913793599051899
SH601901,393,0.21864658678300344,0.3129982318690891,0.2648319041232957,-6.679061302641143,0.22895086213554397,0.3142512978092329,0.23018524166322862,-6.836021886726772,0.23275973777989864,0.31049031646538966,0.2173784382454812,-6.838525127760796,0.22607428529444376,0.3093113997372256,0.23985732276007865,-6.845702726440895,0.23298266980344803,0.31376295629274337,0.2166288609770951,-6.827257218879653,0.23735371442158848,0.3122660461976001,0.2019318442242124,-6.837012267829528,0.22996032863017737,0.3170635125018175,0.22679105393942256,-6.827719152740484
SH601933,395,0.17338693035861147,0.2632876258918145,0.0946350255552757,-6.8259200175738215,0.18568730917550494,0.2714773506487205,0.03040681567703274,-6.931671449292936,0.18373345718687992,0.27346346203072175,0.040609136879049545,-6.958067011220936,0.18178016081791273,0.2715758863902404,0.05080855683253349,-6.969465460765045,0.18824728171927674,0.27352778838003794,0.017039548191083886,-6.898049643020089,0.180683915338715,0.26998355060034324,0.05653276140900432,-7.009191684112171,0.18350256329033254,0.272319569436403,0.04181478280815565,-6.981862890347334
SH601939,395,0.15418966286299615,0.26780829701885744,0.1998053671733525,-8.342053955338104,0.16803714097943406,0.276187232849028,0.12794142077635118,-8.365972074928873,0.16061124959194711,0.265880885635382,0.1664794026480706,-8.380584211554698,0.1637043811160078,0.27081565465576674,0.1504270473979038,-8.407030845377692,0.17098851551638805,0.2791033137902881,0.11262473858066946,-8.358896793050421,0.16103996369093893,0.2658728458144366,0.16425451471031582,-8.37519989271318,0.16543722419551427,0.27211046046695303,0.14143415055900266,-8.3864851792472
SH601988,395,0.1435589014582372,0.27154207151763754,0.1976487395007206,-8.927951311928398,0.16101016434597565,0.291157180449725,0.10011356311631092,-8.951770857106624,0.15915881663644788,0.28789012528713087,0.11046075268988254,-8.960068324857886,0.2009075271481637,0.34083671874589444,-0.12287295328751657,-8.937986462701739,0.1634237533633643,0.2942289611011793,0.08662400467891684,-8.946585035100235,0.15750266264579288,0.2829992339157214,0.1197170038069163,-8.95855427987303,0.19920491188052944,0.33588122505700907,-0.11335702991212715,-8.932093273280605
SH601998,395,0.17052788797050009,0.2877400434356664,0.2871095240155339,-8.082988468095367,0.18330385908675864,0.2971983536321525,0.23369967863112995,-8.081013733567085,0.17883779380486695,0.29128553888524333,0.2523700289326375,-8.085970230812487,0.17565161282269207,0.28581585986175184,0.26568983312412686,-8.107843758153635,0.1896569931354013,0.30385492301423656,0.20714045239645407,-8.05810887431313,0.1800506456853724,0.2884419778281507,0.2472997113166604,-8.081060277955967,0.17821035422795142,0.28491037184043705,0.2549930350811461,-8.077766980882403
SH603993,395,0.18126696363924116,0.28484869342633184,0.19690046226489444,-6.6305263614507775,0.18220784723743771,0.29445286622246825,0.1927318969201467,-6.902790764070383,0.18082071416321846,0.29213792695810326,0.1988775613496544,-6.924509362242422,0.1787448308237101,0.29295987209044416,0.20807471960111124,-6.916923824499133,0.18515899108336345,0.29600281060261663,0.1796569150764078,-6.890262279834872,0.18215848056461995,0.292117907784504,0.19295061494423382,-6.9414791602812675,0.18364185140047712,0.300799579087157,0.18637857109989853,-6.889745123775741
SZ000001,395,0.06487903070232008,0.19419794876174615,0.18142531922276595,-7.246178168125652,0.06822460227174126,0.19467581343368162,0.1392144515539555,-7.228012784201868,0.07068884463898095,0.19522084836319734,0.10812325941860756,-7.212709237459278,0.07216221375934348,0.1989427130782248,0.08953385319117046,-7.210665048633928,0.0705729153030265,0.19905337500441964,0.10958593261431282,-7.224845511113189,0.06967422561962988,0.19313977388628836,0.12092464425566729,-7.211240816767551,0.07458088213046257,0.20328191830065764,0.05901766532025643,-7.204386077055829
SZ000069,395,0.06633160458531531,0.19985410835068038,0.2923467665105468,-7.331726358840072,0.06094040298765114,0.19539944655527816,0.34986235454480885,-7.352030354727061,0.061781467347037454,0.19691025901583645,0.34088952903857617,-7.35455023320297,0.0653765606814803,0.20143730069885493,0.30253557335305237,-7.338470704613163,0.06293068632354565,0.19807777910528732,0.3286291815044309,-7.3465200920880624,0.05829084375584292,0.1930457441670359,0.37812895791484114,-7.361481394372509,0.06544637154186111,0.20247611148960779,0.3017908019670742,-7.340147794756008
SZ000157,395,0.063031145639827,0.1891582862692078,0.0508826191415781,-7.081904505037314,0.05634843312842604,0.1829820504219019,0.15151030933293308,-7.122277340527823,0.054142267151312165,0.18129000299860176,0.1847305602530468,-7.135590212120601,0.05786435873773082,0.1861430195673295,0.12868363643536107,-7.1213841539765665,0.056916727732523244,0.18418596547972613,0.142952979766391,-7.121769166160433,0.053828614984569687,0.1793024290923856,0.1894535066627514,-7.134334596956006,0.05902881373878383,0.18877140315464802,0.11114937667365055,-7.117372550522942
SZ000166,395,0.11010243038463657,0.2599045170605616,0.4310790097927557,-7.33508027578239,0.1063251633861556,0.2577602928683684,0.45059689394431945,-7.363720703797144,0.10845081971660114,0.2576762989080465,0.4396132081152905,-7.353606339643431,0.10891257023750989,0.25788299922272234,0.4372272520317927,-7.349377033539292,0.11003470690785552,0.2619569268732773,0.43142895036478446,-7.355637463971418,0.10678590800246104,0.25651184223231216,0.44821613556845585,-7.357688451047135,0.11317912774354263,0.26397027024383807,0.41518110724980606,-7.330929383923691
SZ000333,384,0.05749214037668816,0.18740876467842224,0.24299016830283948,-7.366427963891162,0.059107325390840106,0.19086451018832049,0.2217227232623219,-7.36570873378335,0.06004542908676952,0.18875573935770462,0.20937053535773031,-7.357070409709986,0.06384202621708972,0.1956956686320853,0.15938002646704053,-7.346490224066252,0.06040432606772942,0.19260662227406058,0.20464487126916142,-7.3621409535227444,0.05829927368787594,0.18464342011065285,0.2323624921012558,-7.360669140306034,0.06701549188057222,0.2006492201057697,0.11759440686635314,-7.335748345241542
SZ000338,395,0.05770765692194551,0.18926966259747802,0.3160983503489072,-6.945804512165118,0.05939153812301308,0.19360028476278257,0.29614243474512136,-6.946685283824353,0.06079027886030288,0.19554817136756517,0.2795657593316564,-6.942956205901365,0.06395034745432367,0.20012141668862787,0.24211533698329124,-6.931604180142391,0.0607383772671374,0.19505764059561603,0.2801808524939625,-6.94231365489048,0.05982315159770078,0.19421979577579748,0.29102732207038884,-6.945634185807333,0.06887785159215902,0.20904423679782236,0.1837187846317323,-6.9200774878909925
SZ000425,395,0.07589174735574254,0.20859433745622155,0.14869408552959484,-6.924445233287717,0.06964729396586904,0.20595182905802153,0.21874043824454303,-6.959285274920137,0.07200394244942605,0.21061060765803208,0.19230503700156465,-6.958852113250973,0.07576901920545326,0.21399797792988226,0.15007077276969139,-6.942732602345407,0.07291580417931026,0.2113129002526678,0.1820763453338019,-6.951100920919015,0.06975770189895288,0.20644005274317545,0.21750195145627416,-6.964786069058258,0.07926128829890776,0.21936911454393984,0.11089669340314146,-6.936137751841306
SZ000568,395,0.06894949545182137,0.20562726450104526,0.3695968793657002,-6.700590790099227,0.06529316086199874,0.20746589533782725,0.403026634295784,-6.733716046362159,0.061995437275803755,0.2040546454418638,0.43317761982662506,-6.747337291719009,0.06834186812889793,0.2123769424745026,0.37515239732915306,-6.722237415811004,0.06588467162061165,0.20826823092907393,0.39761846958515323,-6.73021595270554,0.06215295632695746,0.20368022697459312,0.4317374279766928,-6.747525988478099,0.07393066728079337,0.2207891531808638,0.3240541782215882,-6.706159315371484
SZ000625,395,0.07626487258394915,0.21422311609434153,-0.032592809832785896,-6.322132807156601,0.07279769974048364,0.21248763177703642,0.014351184529350802,-6.348717787364797,0.0689683904180854,0.20491367644760897,0.06619834743625208,-6.364649723333818,0.07733854031237895,0.2218365188791835,-0.04712979834352837,-6.339279678942216,0.07374286828734092,0.21507148337643245,0.0015540183832903898,-6.344891542446604,0.07028359202278882,0.20659905936576234,0.048391096542305,-6.361560876974422,0.08317528568253321,0.23076964834677766,-0.1261567618438193,-6.323869063534693
SZ000709,395,0.1006708758833954,0.25273674683871505,0.35574162916533625,-8.04611228482185,0.10565151860940732,0.26045515157527427,0.3238672589444328,-8.034197772911504,0.10556490268865894,0.25963638080436124,0.32442157052163945,-8.034598199455433,0.10406257395766523,0.25831334508230364,0.3340359485847567,-8.035716682116629,0.10803319771801559,0.2619464375552384,0.30862534623732385,-8.02626089022312,0.10587308173074161,0.2595099486580925,0.3224493325150134,-8.031045559526724,0.10462052187019087,0.2561948446619609,0.33046527722643126,-8.026824402655288
SZ000725,395,0.09777047295598182,0.23934478848146362,0.22476757122729074,-6.608892964313388,0.09591969842863482,0.24700281827617865,0.23944255835343298,-6.65565361975785,0.09701676613624372,0.24527281323390732,0.23074379237854958,-6.637999187567933,0.10174258062655898,0.2506483750116449,0.19327230907186876,-6.63266381134745,0.09912673830056187,0.25182530567801836,0.21401359975358802,-6.650819877171689,0.09662531035250452,0.24702328622746975,0.2338476867222119,-6.641125334009712,0.10729773549233283,0.2563536938627231,0.14922489814504136,-6.618550514899712
SZ000728,395,0.11653803975738254,0.2561345755527551,0.48736639708514085,-6.863760440644207,0.11227149470049926,0.25149967407244334,0.5061342978415126,-6.8855485252393835,0.113588211101178,0.25298058629890197,0.5003422571147056,-6.885834378362187,0.11664196137824125,0.2559885698170597,0.4869092612432093,-6.871674740634375,0.11431754073832792,0.2544429276883889,0.49713404389623095,-6.882737299661324,0.11187668531884185,0.25154402988732394,0.5078710059258856,-6.8892900122339285,0.12457012973382545,0.26449398143935,0.4520344210871543,-6.842979558638211
SZ000768,395,0.08087745680578252,0.2201277022637848,0.5078569823355348,-6.9759508525104055,0.07960599993374025,0.2169734524614232,0.5155938554587802,-6.9755357362823185,0.08121839617079835,0.21819172365267028,0.5057823507315462,-6.972685088881203,0.0849301268869787,0.2218038472122799,0.48319629983969525,-6.958397747835245,0.08007833773640428,0.21642809598500687,0.5127196583618278,-6.9746055970428,0.08003294817166973,0.21654349105617618,0.5129958559358018,-6.977396864446343,0.09033027521825582,0.22937046263776295,0.4503361506639805,-6.943003795908237
SZ000776,395,0.10026478023797117,0.24554589375939254,0.41080251013448255,-7.317275993259136,0.09690642415819109,0.24379587058288524,0.43053760522554674,-7.335306009610657,0.0985139827367244,0.24347432968634627,0.42109092337938336,-7.325374941197318,0.09939809159089122,0.246598064366932,0.41589553257109935,-7.323188891299011,0.1005534560766037,0.24743190222998254,0.40910613101607807,-7.3259066684279315,0.09750129900944132,0.24202182815677126,0.4270418735408128,-7.326826652141964,0.10281467826741193,0.2520661507591836,0.3958182503097095,-7.3112452724848485
SZ000783,395,0.1143974102156012,0.26493145149055863,0.48368834734175603,-6.931414362285788,0.11161197852533616,0.26535916882247973,0.49625988053168524,-6.963902220310902,0.11128945693013813,0.2643668857240694,0.4977155223816261,-6.96801336435428,0.11526551471077844,0.26675854174006464,0.4797703175040151,-6.948221872011916,0.11226205676887131,0.26520124363309705,0.4933258720463164,-6.961101916909387,0.11021638812359826,0.26346536404907184,0.502558620908738,-6.972149334490594,0.12100896385634402,0.2746276133494671,0.4538483170433688,-6.932543541550817
SZ000858,395,0.07519876021798338,0.2119683610671642,0.3966464503075807,-6.880324549427819,0.07169617808076519,0.21166534622097882,0.42474924561236926,-6.93219676989259,0.07026327866054054,0.21076070790899612,0.4362460435521045,-6.935805976110355,0.07535600647682056,0.21464680962657104,0.3953847926928775,-6.911753528969448,0.0733684690216157,0.21443516074560134,0.4113317015949435,-6.92495304825031,0.06903029894792098,0.20896441303963606,0.4461387955622611,-6.939978570131531,0.0807385940713989,0.22070536980028713,0.35219786617566917,-6.894351514912682
SZ000895,380,0.07171125260533558,0.2127986636463988,0.3967047189287639,-6.717117402437353,0.07952016639784462,0.21770064711717557,0.3310095780665574,-6.68494814779981,0.07677214583824601,0.21771361349551424,0.35412823484162015,-6.701036932367936,0.08313252980922708,0.2244802768341449,0.30061934333456386,-6.67701990069629,0.08047977149869118,0.2198100599311201,0.3229365740678859,-6.683588121088537,0.07582057182737985,0.21618106481742447,0.36213367456675016,-6.701223434195081,0.08872372364903693,0.2308955563367994,0.25358152518800325,-6.6570746670495256
SZ000963,395,0.09070363914457531,0.23575750897522668,0.16981161870214978,-6.8431552600449885,0.09779313457827755,0.24526290738371664,0.10492318871377304,-6.817419574783091,0.10059669059249449,0.25044149492421064,0.07926292137200996,-6.819146074596072,0.10274700532057793,0.25039101709326,0.059581612879601065,-6.800746408727245,0.10212955535881063,0.250667860899872,0.0652329824291179,-6.808528495877155,0.0972905104282594,0.24698440646639902,0.10952358549432217,-6.823725826952408,0.10421428534201192,0.25221078288433657,0.0461519551790609,-6.792968127902679
SZ002007,395,0.07726022905744305,0.217900205492602,0.4226699058715001,-6.4374261827552095,0.08942371740999758,0.2326661888436157,0.33177776173496,-6.384614846262851,0.0859219415526646,0.22994770573823967,0.3579449192750682,-6.402678638954611,0.09014181677304846,0.2349180688817964,0.32641173605885776,-6.385302520923101,0.0909139649612829,0.2358796753393855,0.320641828415132,-6.379394547899972,0.08650764314414071,0.23045713797407102,0.3535682411437272,-6.398977953207621,0.09368126780955591,0.24039712684203532,0.2999630492636015,-6.373777893318868
SZ002008,395,0.058042206188398504,0.1946247817651979,0.01746154609713113,-6.47995790804482,0.06338608430560852,0.20719067670490418,-0.07299962152434336,-6.468566447835101,0.06243844541642835,0.20550241787827703,-0.0569579906116402,-6.476669573005319,0.06709405789828267,0.21274333968920212,-0.1357681977054972,-6.460121617135361,0.06666280837639503,0.21288005412634578,-0.12846800589151797,-6.46011344865885,0.06246361607062932,0.20453599264802294,-0.057384079440553126,-6.474998230370873,0.06930096540894949,0.2181827407694202,-0.17312672757252034,-6.456284616790818
SZ002024,395,0.10236165038798788,0.2579752663786959,0.5355016744024287,-7.62058743803074,0.10566359579881514,0.2580264467504596,0.5205180539866736,-7.603057289502311,0.10780066584872121,0.2623522372327053,0.510820423515657,-7.599840582498274,0.1081734600707785,0.2620198985534085,0.5091287519640387,-7.6020410496576885,0.11060833242523596,0.26435151939869495,0.4980797494577053,-7.590933271042764,0.10484995507454696,0.25725302594315697,0.5242102058094319,-7.6059352075392335,0.11357965749438938,0.26963317465472214,0.48459642328822206,-7.58949360967039
SZ002142,395,0.06046410964035662,0.17976591834450223,0.17019211299168457,-7.0167312054192825,0.06610617251432942,0.18601631833467136,0.09276058708867907,-7.001293216251826,0.06830484748267968,0.18902002706153787,0.06258602832056226,-6.991169659206229,0.06825685363924898,0.18894548457357835,0.06324469459454718,-6.990742704519347,0.0663189739225102,0.18737444900683622,0.08984010603098691,-7.001830011143834,0.06832557568553788,0.18845824483437046,0.062301554997171715,-6.990552172451844,0.07191170044567444,0.19385889669010234,0.013085670938722926,-6.977960695146468
SZ002146,395,0.061133006450531435,0.192691387977012,0.3862825331154447,-7.308052331037165,0.062397842839955905,0.1955072005975497,0.37358477408131097,-7.301340679057045,0.06424285360805271,0.19686212981785284,0.35506261394695926,-7.292176712618173,0.06646790422260919,0.2002657787234443,0.3327252138068152,-7.283484175170023,0.0638283506102415,0.19682587454807413,0.35922383134166724,-7.2980685434518024,0.06298129659976995,0.1947594907544478,0.3677274511013411,-7.29500891369042,0.07043181739597038,0.20668314933782622,0.29293128098798515,-7.274800707788869
SZ002153,395,0.08330495871385543,0.22065801948674504,-0.05579463767381765,-6.2930980082022225,0.07616653132736668,0.21645969766702747,0.03467672768591601,-6.357217738441053,0.07366557656278093,0.21365159291763774,0.06637345583128695,-6.374028334744479,0.08378039368299452,0.22746629356883052,-0.061820229652127745,-6.34046323134004,0.08153654010187435,0.22386450183569143,-0.03338196360833412,-6.343002063662001,0.07195584368092002,0.20978507954751788,0.08804235569502494,-6.376873491102679,0.09285154293319299,0.24056231433942382,-0.17678662401522227,-6.312778657624959
SZ002202,389,0.05960022153802755,0.19859102027198514,0.25825720304154365,-6.93946427165259,0.06463036485055577,0.20562716558986804,0.1956555469830007,-6.93336080096874,0.06603943612449248,0.20656899002862014,0.17811922847826556,-6.927335825330107,0.06710701677361258,0.20879197649217307,0.16483286416245813,-6.922412170439177,0.06582780516740232,0.20888576792671631,0.1807530397961462,-6.932450189658295,0.06493837491134025,0.20355559155485844,0.1918222685474189,-6.92947423581597,0.06999454184728988,0.21399820200479147,0.12889674061851275,-6.912283506435479
SZ002236,393,0.06610130238205182,0.2107212411861545,0.20049709085149803,-6.597465799559882,0.07647389084009176,0.22614259264860356,0.07503943194378426,-6.573103342644563,0.07388115413397082,0.219812486903258,0.10639888273370746,-6.5872261744127885,0.07951913934480101,0.23040302368219215,0.038206798533277464,-6.5662427079456025,0.07781024243224423,0.2279880701491158,0.058876104640550375,-6.570178893901314,0.07229666966385857,0.2177626682599925,0.1255634059383114,-6.588778575505514,0.08475368973381621,0.23910072061483414,-0.02510569476546909,-6.553297522664523
SZ002241,395,0.0610833907239908,0.1977398133370559,-0.018997024052703315,-5.911869318712685,0.06087782028659886,0.20168413577527006,-0.015567684891062639,-5.915318133929754,0.05869093283060105,0.19772252031129078,0.020914111276233882,-5.92480231918491,0.06372108218091853,0.20210723898055497,-0.06299916134602412,-5.9076972666071015,0.0645335701953865,0.20689581185695902,-0.0765531382783522,-5.904109328388834,0.057619904093574356,0.1961026917529299,0.038781081049352406,-5.927102937467174,0.06793811940668835,0.2069562004999615,-0.1333480455917575,-5.894863102148015
SZ002304,395,0.07367429485456785,0.2143492017473013,0.37259177256765363,-7.016441016372132,0.07659073151102584,0.2186602785706837,0.3477554798463046,-7.010978082524558,0.07905695215296449,0.22210891440809485,0.32675321407002267,-7.0048940165669284,0.0828938736571567,0.225577029219561,0.2940780982172778,-6.987589783070599,0.07826003220769406,0.2219596873336268,0.3335397619596847,-7.007954815447992,0.07703452916457974,0.21805745780280075,0.34397611148309826,-7.009214944820525,0.08701746989715256,0.2312073548513023,0.258961668359489,-6.971779180719114
SZ002415,393,0.054171271771273774,0.1843924722673817,0.18082042780913254,-6.935367742873815,0.060113096385825,0.1948732626844356,0.09096798043937449,-6.925486985508576,0.05937115083327006,0.19385553079409532,0.10218770300555535,-6.927999125047121,0.061868559536903504,0.195841389347743,0.06442181480440246,-6.918102074908516,0.060584447256081995,0.19503085562953318,0.08384019865350045,-6.925286118264401,0.05807708383787912,0.19096043679885683,0.12175662234247975,-6.929419360696084,0.06827382837527131,0.20580405761731457,-0.03243884981015954,-6.903118976350851
SZ002456,392,0.21150292725315498,0.26812462431693196,-0.12901921514711012,-5.460711029499853,0.18972633933231653,0.2543036432534588,-0.012774080754530237,-5.937664437749097,0.18180824905201393,0.2509281913095216,0.029493306226033966,-6.01997251505638,0.18441143684893058,0.25365822551554984,0.015597285582132803,-6.009369281960085,0.19886952361162158,0.2621631797428688,-0.061581115593393854,-5.845892831191175,0.17445433409871713,0.24483720403075515,0.06874908105931532,-6.06409326490904,0.19303789687708625,0.2643134849974358,-0.030451434674248157,-5.999316728411373
SZ002475,395,0.05053257688978725,0.17746813151268867,-0.007321234699592116,-6.241007027127867,0.04952460807564955,0.18102556640303244,0.012771712323678908,-6.249082137106894,0.04784727031600784,0.17771393825719267,0.04620792411108943,-6.255296099824637,0.05352015423213503,0.18498413046497897,-0.06687588800409272,-6.23505440054559,0.05126112514551436,0.1827685974492366,-0.021844185510074166,-6.2411728506255555,0.04657127398155429,0.17684864535442665,0.07164375743297313,-6.259313917381233,0.05816997337860115,0.1928545522360208,-0.15956582887062853,-6.221968394521165
SZ002594,395,0.08226031892362554,0.2262905271713297,0.5346120344609346,-6.852302382240525,0.08041653373444806,0.22626378108656536,0.5450432539031914,-6.865381873341875,0.082509224413826,0.22862376608529356,0.5332038510109842,-6.856724952627096,0.08534662489862552,0.2340720284269127,0.517151250482333,-6.8468497290493575,0.08275342390179752,0.22983783255080836,0.531822291780728,-6.860373452606323,0.08133597930225993,0.2265227411839891,0.5398414882423367,-6.859125846756591,0.08841007652311547,0.2372782677784803,0.49981976505042736,-6.835797282544017
SZ002673,395,0.12469749217298615,0.2716041397748578,0.4924039666200708,-6.95075395644509,0.11814351266979314,0.26666676592821686,0.5190827228701089,-6.984022232835881,0.12211078520752426,0.26919129013034165,0.5029334662299205,-6.9719103055949345,0.12534513659839594,0.2749188885966562,0.48976765264414424,-6.961609766128242,0.12263616116172496,0.2713290734249298,0.5007948606674644,-6.973056715428711,0.11945220891786727,0.2664461911708132,0.5137555185066074,-6.979224998261659,0.1317118466122478,0.2832644522135583,0.4638511992143649,-6.942745942247481
SZ300124,384,0.04823479995851162,0.1691781063216055,0.4154982252223126,-6.725465621487435,0.05087805690127273,0.17322744508418175,0.383467650293709,-6.720647215158408,0.050223698158622716,0.1722924011039403,0.3913970673691235,-6.725474791405045,0.05456029555837307,0.17910289787649222,0.3388468571717016,-6.7072491707083985,0.05248922619313379,0.1750312099952501,0.36394375237415477,-6.715003212434755,0.05000956388651471,0.17256911129569752,0.39399191304476666,-6.726927454570294,0.05626241914094494,0.18237882706488198,0.31822078935842246,-6.702484159495261
