stock,model,har_beta_0,har_beta_1,har_beta_2,har_beta_3,calib_a,calib_b,converged,persistence,median_sigma,har_pooled_beta_0,har_pooled_beta_1,har_pooled_beta_2,har_pooled_beta_3
SH600000,naive,,,,,,,,,,,,,
SH600000,har,0.17369182307277692,0.3919758025628819,0.3265480650606108,-0.5003818325896974,,,,,,,,,
SH600000,har_x,,,,,,,,,,,,,
SH600000,ewma,,,,,-1.0891795871744943,0.7997784879368056,True,,,,,,
SH600000,garch,,,,,-0.7217101786030717,0.8952892774974424,True,0.9999999999676554,0.011830105820064494,,,,
SH600000,egarch,,,,,-0.7114611913609781,0.9103682898593463,True,0.9481931043717653,0.012688037733714581,,,,
SH600009,naive,,,,,,,,,,,,,
SH600009,har,0.1104078796611825,0.36151516435775966,0.4432146321846153,-0.36379924354601195,,,,,,,,,
SH600009,har_x,,,,,,,,,,,,,
SH600009,ewma,,,,,-0.925767083380912,0.8163717361971939,True,,,,,,
SH600009,garch,,,,,-0.6075338057848322,0.9054389235944275,True,1.0,0.01974444777031418,,,,
SH600009,egarch,,,,,-0.5284723504054619,0.9274858612775617,True,0.9884658740788258,0.020091389975993294,,,,
SH600010,naive,,,,,,,,,,,,,
SH600010,har,0.16611774807863,0.37629273150080084,0.3319681300024071,-0.5269726631824161,,,,,,,,,
SH600010,har_x,,,,,,,,,,,,,
SH600010,ewma,,,,,-1.051508753431246,0.7910888791600972,True,,,,,,
SH600010,garch,,,,,-0.7063501192705411,0.8907988839816302,True,0.9971594952356947,0.017818387667312984,,,,
SH600010,egarch,,,,,-0.7464008730471837,0.8828035528037523,True,0.9912044872635651,0.018505231777409207,,,,
SH600015,naive,,,,,,,,,,,,,
SH600015,har,0.15940387028826486,0.32806990698702565,0.3990855337823108,-0.529129016559556,,,,,,,,,
SH600015,har_x,,,,,,,,,,,,,
SH600015,ewma,,,,,-0.9743455144201694,0.8385545555601753,True,,,,,,
SH600015,garch,,,,,-0.5388762048110913,0.9484850111713334,True,0.993465772496712,0.01112864801669335,,,,
SH600015,egarch,,,,,-0.5268555263122655,0.9502005940287928,True,0.9906143079353268,0.011049582307629414,,,,
SH600016,naive,,,,,,,,,,,,,
SH600016,har,0.22739028282542126,0.3082112482610679,0.3120206474237875,-0.7171271842001167,,,,,,,,,
SH600016,har_x,,,,,,,,,,,,,
SH600016,ewma,,,,,-1.251721561304672,0.7729938482135987,True,,,,,,
SH600016,garch,,,,,-0.7860081895831904,0.8939852466516747,True,1.000000000000027,0.010748558555040349,,,,
SH600016,egarch,,,,,-0.5937386457928134,0.9410503674862757,True,0.9845284681508973,0.011257317783413465,,,,
SH600018,naive,,,,,,,,,,,,,
SH600018,har,0.18938731737996542,0.4596465300670516,0.20380395064799564,-0.6261193527763268,,,,,,,,,
SH600018,har_x,,,,,,,,,,,,,
SH600018,ewma,,,,,-1.3193640007122756,0.732504643689668,True,,,,,,
SH600018,garch,,,,,-0.01319532746290605,1.0938884720455697,True,0.9740646220976901,0.018614471162802782,,,,
SH600018,egarch,,,,,0.02077848455262237,1.1065361097045652,True,0.9634727497049494,0.019604308674163188,,,,
SH600028,naive,,,,,,,,,,,,,
SH600028,har,0.17982371295136076,0.42332924929757554,0.2427109991991304,-0.6961930148693701,,,,,,,,,
SH600028,har_x,,,,,,,,,,,,,
SH600028,ewma,,,,,-1.4713340363434964,0.7045056912888817,True,,,,,,
SH600028,garch,,,,,-1.245236219128133,0.7622919427680254,True,1.0,0.011325408540311973,,,,
SH600028,egarch,,,,,-1.212910185088602,0.7715780688466416,True,0.9952341947099935,0.011560438515372579,,,,
SH600029,naive,,,,,,,,,,,,,
SH600029,har,0.10543652271281816,0.38854939455986764,0.3780850489406421,-0.4956272171838071,,,,,,,,,
SH600029,har_x,,,,,,,,,,,,,
SH600029,ewma,,,,,-1.238867757598157,0.7177613652829556,True,,,,,,
SH600029,garch,,,,,-0.9688949163021606,0.8038253223366916,True,0.9975692075476054,0.02171991990491895,,,,
SH600029,egarch,,,,,-0.8826108809131479,0.8255147985118908,True,0.9958923491689861,0.020266224736643332,,,,
SH600030,naive,,,,,,,,,,,,,
SH600030,har,0.11345874063748512,0.34050104432917855,0.4588603233718426,-0.376567294332332,,,,,,,,,
SH600030,har_x,,,,,,,,,,,,,
SH600030,ewma,,,,,-1.195748564924915,0.7588235743269649,True,,,,,,
SH600030,garch,,,,,-0.9202687821882164,0.8411802282652819,True,1.0000000000004619,0.02052092062772742,,,,
SH600030,egarch,,,,,-0.9956727436299752,0.8223997229822919,True,0.9945980406884994,0.01994435675347008,,,,
SH600031,naive,,,,,,,,,,,,,
SH600031,har,0.11410748532500757,0.21732231403794733,0.5311568532117276,-0.5576824502506537,,,,,,,,,
SH600031,har_x,,,,,,,,,,,,,
SH600031,ewma,,,,,-1.6146881686095949,0.6410304513456888,True,,,,,,
SH600031,garch,,,,,-1.202587354237922,0.7615638077941328,True,0.9944600212632303,0.021590259873293573,,,,
SH600031,egarch,,,,,-1.099859327518819,0.7901304240805168,True,0.9905900342362097,0.02214596435602014,,,,
SH600036,naive,,,,,,,,,,,,,
SH600036,har,0.08921331478284016,0.2517505291017593,0.502758950974336,-0.6856027269539863,,,,,,,,,
SH600036,har_x,,,,,,,,,,,,,
SH600036,ewma,,,,,-1.2598268365981093,0.745011881301764,True,,,,,,
SH600036,garch,,,,,-0.6174766024388529,0.913246159711256,True,0.9933018949132459,0.016594625489759873,,,,
SH600036,egarch,,,,,-0.4657046799420794,0.9519278325940606,True,0.9839960668975268,0.01676959010372904,,,,
SH600038,naive,,,,,,,,,,,,,
SH600038,har,0.08305622171023083,0.3925731017184318,0.377868859661771,-0.5716637186711346,,,,,,,,,
SH600038,har_x,,,,,,,,,,,,,
SH600038,ewma,,,,,-0.9463572431137752,0.7974108393689325,True,,,,,,
SH600038,garch,,,,,-0.29806872348129276,0.982447094823538,True,0.9812862545220958,0.021980683468514076,,,,
SH600038,egarch,,,,,-0.4302057052309173,0.9484032128626795,True,0.9827458963865661,0.022321135445377904,,,,
SH600048,naive,,,,,,,,,,,,,
SH600048,har,0.14894493865659394,0.5097613154812297,0.17889199360135055,-0.6641189904117663,,,,,,,,,
SH600048,har_x,,,,,,,,,,,,,
SH600048,ewma,,,,,-1.2722976917925126,0.7340664768785043,True,,,,,,
SH600048,garch,,,,,-0.6821322352949624,0.9059033547916725,True,0.993786130215679,0.02092634791358025,,,,
SH600048,egarch,,,,,-0.7814915340657397,0.8788870143985246,True,0.9766033475488382,0.022118893462428693,,,,
SH600066,naive,,,,,,,,,,,,,
SH600066,har,0.0657495517440822,0.24359187316000974,0.5772443657412052,-0.4809858221341752,,,,,,,,,
SH600066,har_x,,,,,,,,,,,,,
SH600066,ewma,,,,,-0.8176504044168624,0.8410563089981284,True,,,,,,
SH600066,garch,,,,,-0.003658587691003466,1.0562905508823583,True,0.9904076368084993,0.019299972394232236,,,,
SH600066,egarch,,,,,-0.2219317257811783,1.0012774437557153,True,0.992195666806997,0.019620527506157552,,,,
SH600068,naive,,,,,,,,,,,,,
SH600068,har,0.13363530514218855,0.35394588577626834,0.33315349519596943,-0.7133187234612316,,,,,,,,,
SH600068,har_x,,,,,,,,,,,,,
SH600068,ewma,,,,,-1.0719941985800265,0.7817305036934207,True,,,,,,
SH600068,garch,,,,,-0.4275739013408965,0.9651009147485123,True,0.9863791851640994,0.022655075990805643,,,,
SH600068,egarch,,,,,-0.5304542497229813,0.9368524987188006,True,0.9922105658485575,0.0224186065851797,,,,
SH600085,naive,,,,,,,,,,,,,
SH600085,har,0.1021143178138327,0.46989792251400303,0.32032231625141255,-0.4606954145059208,,,,,,,,,
SH600085,har_x,,,,,,,,,,,,,
SH600085,ewma,,,,,-1.23070487447583,0.7614131353691909,True,,,,,,
SH600085,garch,,,,,-0.7918896279976981,0.8850586619843934,True,1.0000000000256224,0.016204058113749042,,,,
SH600085,egarch,,,,,-0.7984049320906762,0.880989894109822,True,0.9879304321579887,0.01631924542910919,,,,
SH600089,naive,,,,,,,,,,,,,
SH600089,har,0.09664167321332118,0.4680064564578222,0.27003991651937187,-0.7080903542486622,,,,,,,,,
SH600089,har_x,,,,,,,,,,,,,
SH600089,ewma,,,,,-1.4145431527696084,0.7152362073952301,True,,,,,,
SH600089,garch,,,,,-0.9681637896894129,0.8397193561269554,True,0.9948725553680275,0.018042066323448742,,,,
SH600089,egarch,,,,,-1.114328663807848,0.8024704218363493,True,1.0,0.018365116344798517,,,,
SH600104,naive,,,,,,,,,,,,,
SH600104,har,0.08172351995343421,0.42438865017020466,0.23715524450069894,-1.1019481198382584,,,,,,,,,
SH600104,har_x,,,,,,,,,,,,,
SH600104,ewma,,,,,-1.8483726312769804,0.6042804199619376,True,,,,,,
SH600104,garch,,,,,-1.1084129917022707,0.7992299593072655,True,0.9814613598843055,0.01836085431068222,,,,
SH600104,egarch,,,,,-0.8498330418014637,0.8695773696516843,True,0.9745401870565693,0.019284068918952728,,,,
SH600109,naive,,,,,,,,,,,,,
SH600109,har,0.08486159133127497,0.2021281912836826,0.6224381683582395,-0.3792272070161601,,,,,,,,,
SH600109,har_x,,,,,,,,,,,,,
SH600109,ewma,,,,,-1.139554687756704,0.7653565251820634,True,,,,,,
SH600109,garch,,,,,-0.8390311401015484,0.8466349185667068,True,0.9945220012567166,0.021997096089022616,,,,
SH600109,egarch,,,,,-0.9634705777209663,0.8155754934438171,True,0.9966620058527794,0.021572773411841988,,,,
SH600111,naive,,,,,,,,,,,,,
SH600111,har,0.12412098500930607,0.43570208150623474,0.3254711757899259,-0.454520199524896,,,,,,,,,
SH600111,har_x,,,,,,,,,,,,,
SH600111,ewma,,,,,-0.9056399158795756,0.8161714695872626,True,,,,,,
SH600111,garch,,,,,-0.34725282772660887,0.9883505399966384,True,0.9971587286575958,0.025189748968554124,,,,
SH600111,egarch,,,,,-0.3067846507939915,0.9971301223038888,True,0.9824150334315717,0.02471105757179546,,,,
SH600115,naive,,,,,,,,,,,,,
SH600115,har,0.14032450970388732,0.309801785810508,0.43751000622434316,-0.45279765695837304,,,,,,,,,
SH600115,har_x,,,,,,,,,,,,,
SH600115,ewma,,,,,-1.1876194733745582,0.7451529217622075,True,,,,,,
SH600115,garch,,,,,-0.8660126559790136,0.8441682843143291,True,0.999433019379391,0.021093630910677966,,,,
SH600115,egarch,,,,,-0.755412020862442,0.872176884928021,True,0.98732891160667,0.021829563075384924,,,,
SH600118,naive,,,,,,,,,,,,,
SH600118,har,0.05130053923186841,0.252587382312042,0.610627334796012,-0.36629973836317326,,,,,,,,,
SH600118,har_x,,,,,,,,,,,,,
SH600118,ewma,,,,,-0.790554406540017,0.8663980286461225,True,,,,,,
SH600118,garch,,,,,-0.29952089019064715,1.0044545526944322,True,0.9893851661316917,0.02012073915641361,,,,
SH600118,egarch,,,,,-0.38985606465316497,0.9832486106140474,True,0.9876222194974662,0.02042475897129703,,,,
SH600170,naive,,,,,,,,,,,,,
SH600170,har,0.12432462554410405,0.35667912951777087,0.4289445763295341,-0.40464981443847947,,,,,,,,,
SH600170,har_x,,,,,,,,,,,,,
SH600170,ewma,,,,,-1.089418959707142,0.7941898470254584,True,,,,,,
SH600170,garch,,,,,-0.887701448352437,0.8502189837417421,True,0.9999999999999607,0.014626876233319788,,,,
SH600170,egarch,,,,,-0.8296028985606543,0.8670637420656373,True,0.9936102566714727,0.014740317829140415,,,,
SH600177,naive,,,,,,,,,,,,,
SH600177,har,0.08908051392647943,0.31741414881935814,0.5197677519700596,-0.3466616420056806,,,,,,,,,
SH600177,har_x,,,,,,,,,,,,,
SH600177,ewma,,,,,-1.1694516597543505,0.7967738530892526,True,,,,,,
SH600177,garch,,,,,-0.9727192685299856,0.8477469450613475,True,0.9997909247471541,0.01309376759801484,,,,
SH600177,egarch,,,,,-1.013220165758464,0.8409687660405489,True,0.9956604344795813,0.013318455968018282,,,,
SH600188,naive,,,,,,,,,,,,,
SH600188,har,0.10269258122716163,0.4551595844784472,0.2560423595734759,-0.6995474215015844,,,,,,,,,
SH600188,har_x,,,,,,,,,,,,,
SH600188,ewma,,,,,-1.2879606295415147,0.6972389136223497,True,,,,,,
SH600188,garch,,,,,-0.8970974723570208,0.8213856490937723,True,0.9952370629683293,0.024906550456668394,,,,
SH600188,egarch,,,,,-0.7727873248091681,0.8569289635014574,True,0.9888828402244059,0.024646599996211715,,,,
SH600196,naive,,,,,,,,,,,,,
SH600196,har,0.02012839828211403,0.4125382858588833,0.43330354860537657,-0.5509027956978106,,,,,,,,,
SH600196,har_x,,,,,,,,,,,,,
SH600196,ewma,,,,,-1.4267053451204252,0.6856214570874176,True,,,,,,
SH600196,garch,,,,,-1.0704779858346412,0.7911896066179178,True,0.9973200371808884,0.021341620205971745,,,,
SH600196,egarch,,,,,-1.2232124263848405,0.7502956657144599,True,0.9974835808100568,0.021610164060446267,,,,
SH600208,naive,,,,,,,,,,,,,
SH600208,har,0.11289229245598523,0.12450164215939008,0.5787527856419861,-0.761392915585158,,,,,,,,,
SH600208,har_x,,,,,,,,,,,,,
SH600208,ewma,,,,,-1.2961004331846864,0.7301993655495325,True,,,,,,
SH600208,garch,,,,,-0.9057286629322773,0.8480076649015071,True,0.9914743299790257,0.02164168224632124,,,,
SH600208,egarch,,,,,-0.8525703585633927,0.8650981137934524,True,0.9627091977651677,0.02187004407851363,,,,
SH600276,naive,,,,,,,,,,,,,
SH600276,har,0.07293238232995249,0.29892775065562954,0.505944142107068,-0.5248837514874762,,,,,,,,,
SH600276,har_x,,,,,,,,,,,,,
SH600276,ewma,,,,,-1.3152820108529597,0.7192618856944797,True,,,,,,
SH600276,garch,,,,,-0.9034312643912862,0.8288089830611926,True,0.9925333087490307,0.01784455503528523,,,,
SH600276,egarch,,,,,-0.9264677391160342,0.8237249409035916,True,0.9932074965589294,0.01815562498856739,,,,
SH600332,naive,,,,,,,,,,,,,
SH600332,har,0.05213277872241719,0.4660809715045649,0.3426769395879924,-0.5787816204805206,,,,,,,,,
SH600332,har_x,,,,,,,,,,,,,
SH600332,ewma,,,,,-1.4406839493029155,0.702162762972317,True,,,,,,
SH600332,garch,,,,,-0.5919857378198841,0.939728346326362,True,0.9859886452479764,0.02055959647887424,,,,
SH600332,egarch,,,,,-0.5949711894416039,0.9412054636264559,True,0.9815916588153915,0.021312658503579815,,,,
SH600340,naive,,,,,,,,,,,,,
SH600340,har,0.2800379180401225,0.03970634067059486,0.4723726369666737,-0.8575813052026685,,,,,,,,,
SH600340,har_x,,,,,,,,,,,,,
SH600340,ewma,,,,,-0.8247914665621284,0.8605367186268803,True,,,,,,
SH600340,garch,,,,,-0.09624245955847402,1.0643529081998522,True,0.9877885307351641,0.02012439461914647,,,,
SH600340,egarch,,,,,-0.34539123479446576,0.9986864564490039,True,0.9865425240649704,0.02075184624735892,,,,
SH600352,naive,,,,,,,,,,,,,
SH600352,har,0.058514900293676085,0.46934847792497036,0.3640907543399798,-0.45014594285950393,,,,,,,,,
SH600352,har_x,,,,,,,,,,,,,
SH600352,ewma,,,,,-1.3317353867449366,0.7211489046562195,True,,,,,,
SH600352,garch,,,,,-1.143373660816352,0.7781140973292446,True,0.9999999984469391,0.022231598087471154,,,,
SH600352,egarch,,,,,-1.2149113899827204,0.7626490700613318,True,0.9987602312440714,0.023439297270042934,,,,
SH600362,naive,,,,,,,,,,,,,
SH600362,har,0.1400164703423574,0.48393619481825506,0.1966374300313007,-0.7082225111951557,,,,,,,,,
SH600362,har_x,,,,,,,,,,,,,
SH600362,ewma,,,,,-1.1296160928680934,0.7709699939022495,True,,,,,,
SH600362,garch,,,,,0.18099573667969368,1.1491981954906993,True,0.9610130885369863,0.023692442108447575,,,,
SH600362,egarch,,,,,-0.013659881877336825,1.0945213629864166,True,0.964421819489735,0.02383887924005483,,,,
SH600369,naive,,,,,,,,,,,,,
SH600369,har,0.09852331666995737,0.19013834337458185,0.6184689114053943,-0.4037385121655757,,,,,,,,,
SH600369,har_x,,,,,,,,,,,,,
SH600369,ewma,,,,,-0.9230047248994353,0.8324264478728903,True,,,,,,
SH600369,garch,,,,,-0.4705555286997505,0.9567068092492068,True,0.9946962353221033,0.020637805972477313,,,,
SH600369,egarch,,,,,-0.5282290338760874,0.9454775287553805,True,0.9942636870368655,0.020192979782804973,,,,
SH600372,naive,,,,,,,,,,,,,
SH600372,har,0.12453093211585091,0.3015203079611305,0.5008618491363321,-0.2957040217456396,,,,,,,,,
SH600372,har_x,,,,,,,,,,,,,
SH600372,ewma,,,,,-0.8871781554423593,0.8217082612876914,True,,,,,,
SH600372,garch,,,,,-0.5337983923292366,0.9298580226646523,True,0.9962748552237887,0.020710345438235574,,,,
SH600372,egarch,,,,,-0.4861673517918895,0.9424613374807845,True,0.984771589121875,0.020821303871420224,,,,
SH600383,naive,,,,,,,,,,,,,
SH600383,har,0.13371514406832452,0.5506645605842,0.13509442729776028,-0.72961280203233,,,,,,,,,
SH600383,har_x,,,,,,,,,,,,,
SH600383,ewma,,,,,-1.482393430002035,0.6763019473909415,True,,,,,,
SH600383,garch,,,,,-0.851127560743304,0.859951410491559,True,0.9918782568366253,0.022018491723929588,,,,
SH600383,egarch,,,,,-0.6345433446969432,0.9176694372780051,True,0.965861398413419,0.023231534831588987,,,,
SH600489,naive,,,,,,,,,,,,,
SH600489,har,0.1476824855686034,0.4170245106638723,0.29620977193873727,-0.5774998470296633,,,,,,,,,
SH600489,har_x,,,,,,,,,,,,,
SH600489,ewma,,,,,-0.9417154470538079,0.8431297995979486,True,,,,,,
SH600489,garch,,,,,-0.6684156905266997,0.9277237202101375,True,0.9995469298820808,0.0227371967964711,,,,
SH600489,egarch,,,,,-0.6171030313797661,0.9415598569850231,True,0.9775620309031225,0.022800329127059395,,,,
SH600519,naive,,,,,,,,,,,,,
SH600519,har,0.14897959524514473,0.27189141999916777,0.3751308633115101,-0.8826575293346219,,,,,,,,,
SH600519,har_x,,,,,,,,,,,,,
SH600519,ewma,,,,,-1.5106325108544207,0.7028746065912481,True,,,,,,
SH600519,garch,,,,,-0.9116560863265408,0.8677041313983123,True,0.9960144229378242,0.019429536601391722,,,,
SH600519,egarch,,,,,-0.6863139249388764,0.9256930778659158,True,0.9954751280818044,0.019456636310582608,,,,
SH600547,naive,,,,,,,,,,,,,
SH600547,har,0.13200462300577118,0.4448976580314945,0.2940159185067011,-0.5237008375448784,,,,,,,,,
SH600547,har_x,,,,,,,,,,,,,
SH600547,ewma,,,,,-1.013750288677488,0.8293728023475281,True,,,,,,
SH600547,garch,,,,,-0.40803236149950484,1.0133741690983908,True,0.987469892816045,0.026052561655430958,,,,
SH600547,egarch,,,,,-0.3458156932935393,1.0328579499664539,True,0.9685873031717565,0.026807817773352536,,,,
SH600570,naive,,,,,,,,,,,,,
SH600570,har,0.046545679979141594,0.284469144731906,0.5754278814905497,-0.3549404381379694,,,,,,,,,
SH600570,har_x,,,,,,,,,,,,,
SH600570,ewma,,,,,-0.8656075945528513,0.829191600850502,True,,,,,,
SH600570,garch,,,,,-0.2012747498584024,1.0352030476422616,True,0.9903408676445419,0.030379375481337553,,,,
SH600570,egarch,,,,,-0.42670546799547,0.9671839754365315,True,0.9894650725627269,0.029344842641892747,,,,
SH600583,naive,,,,,,,,,,,,,
SH600583,har,0.13975853610679365,0.47520609940313485,0.2790052804444159,-0.4494675089950085,,,,,,,,,
SH600583,har_x,,,,,,,,,,,,,
SH600583,ewma,,,,,-1.003176910090728,0.8150886884492632,True,,,,,,
SH600583,garch,,,,,-0.5239361372547917,0.9492699775349075,True,0.9925535589655489,0.018211393073677525,,,,
SH600583,egarch,,,,,-0.4564096001097974,0.9692087081146866,True,0.9837255431698438,0.018901382044201817,,,,
SH600585,naive,,,,,,,,,,,,,
SH600585,har,0.11531421946344125,0.3730971458948855,0.3051402054447378,-0.8485682548811331,,,,,,,,,
SH600585,har_x,,,,,,,,,,,,,
SH600585,ewma,,,,,-1.7337288310029328,0.6141403431212487,True,,,,,,
SH600585,garch,,,,,-1.0509527272783783,0.8024491398879459,True,0.9867563242745023,0.019078942720034336,,,,
SH600585,egarch,,,,,-1.0813176210440754,0.7939471952053231,True,0.9811679197621104,0.019217361415957653,,,,
SH600588,naive,,,,,,,,,,,,,
SH600588,har,0.09049265354190365,0.25662372303646575,0.547394747034244,-0.4087976390858219,,,,,,,,,
SH600588,har_x,,,,,,,,,,,,,
SH600588,ewma,,,,,-0.8164074103599396,0.8338142551272505,True,,,,,,
SH600588,garch,,,,,-0.15239369666455194,1.0336949521947285,True,0.9917103899019429,0.030324102940779453,,,,
SH600588,egarch,,,,,-0.19840585386067489,1.0207534330202237,True,0.9864976049006987,0.029960677318619955,,,,
SH600637,naive,,,,,,,,,,,,,
SH600637,har,0.06507583814788102,0.5306492308657512,0.347753371359146,-0.2506075143270937,,,,,,,,,
SH600637,har_x,,,,,,,,,,,,,
SH600637,ewma,,,,,-0.9510346739246117,0.8396995606149108,True,,,,,,
SH600637,garch,,,,,-0.5302504585023585,0.9573924694575703,True,0.994524841516333,0.017326249654481804,,,,
SH600637,egarch,,,,,-0.47410605168216846,0.9773361639227558,True,0.9904184764874351,0.01775600595900482,,,,
SH600660,naive,,,,,,,,,,,,,
SH600660,har,0.12771690317623216,0.30201023771919466,0.3694228208965414,-0.8499415685592205,,,,,,,,,
SH600660,har_x,,,,,,,,,,,,,
SH600660,ewma,,,,,-1.435172757661367,0.7009303665149957,True,,,,,,
SH600660,garch,,,,,-0.6729849572036659,0.9007584529803645,True,0.9801041454399599,0.017980803805733317,,,,
SH600660,egarch,,,,,-0.7999243360193197,0.8687841114612035,True,0.9892442005576007,0.01842855008662285,,,,
SH600674,naive,,,,,,,,,,,,,
SH600674,har,0.1413300345707806,0.44396019692676203,0.32194522051696406,-0.4180150845502983,,,,,,,,,
SH600674,har_x,,,,,,,,,,,,,
SH600674,ewma,,,,,-1.1212986017786486,0.7837267680262182,True,,,,,,
SH600674,garch,,,,,-0.6616444498591091,0.8952611398074704,True,0.9906643184404096,0.01224094991683824,,,,
SH600674,egarch,,,,,-0.702083825226494,0.8860858504607869,True,0.9913713701332194,0.012365818912365392,,,,
SH600703,naive,,,,,,,,,,,,,
SH600703,har,0.0995924101555628,0.08710406378480447,0.636417594227553,-0.697843307163309,,,,,,,,,
SH600703,har_x,,,,,,,,,,,,,
SH600703,ewma,,,,,-1.3962400736337075,0.6741835599436193,True,,,,,,
SH600703,garch,,,,,-0.9582273290312823,0.8018552261283952,True,0.9919414061636659,0.03037872471995503,,,,
SH600703,egarch,,,,,-0.923614430398754,0.8096634113401852,True,0.9971554368837141,0.03045408545608131,,,,
SH600705,naive,,,,,,,,,,,,,
SH600705,har,0.09859125598285542,0.24923744600336958,0.5507840556817883,-0.4322120437943713,,,,,,,,,
SH600705,har_x,,,,,,,,,,,,,
SH600705,ewma,,,,,-1.1312815600967865,0.7765754161789915,True,,,,,,
SH600705,garch,,,,,-0.6861986195257631,0.9080820752118183,True,0.994596127165877,0.020028147260299223,,,,
SH600705,egarch,,,,,-0.7257398752361052,0.9074251616530501,True,0.9669884187582833,0.020878935110924625,,,,
SH600741,naive,,,,,,,,,,,,,
SH600741,har,0.06256481056741772,0.5006563030577068,0.2749944514239104,-0.665803259263119,,,,,,,,,
SH600741,har_x,,,,,,,,,,,,,
SH600741,ewma,,,,,-1.303927597650631,0.7191002030436248,True,,,,,,
SH600741,garch,,,,,-0.8210735307818958,0.8521778877140653,True,0.9884237890463183,0.022147279981392372,,,,
SH600741,egarch,,,,,-0.9316164374715754,0.8245458874915154,True,0.9923104863268886,0.023386793843946947,,,,
SH600837,naive,,,,,,,,,,,,,
SH600837,har,0.09362269566215946,0.2892147064160255,0.5475776980227843,-0.31074810028196725,,,,,,,,,
SH600837,har_x,,,,,,,,,,,,,
SH600837,ewma,,,,,-1.124089914850417,0.770586507660429,True,,,,,,
SH600837,garch,,,,,-0.8758309928743288,0.8385305427354106,True,0.9970459642958118,0.018373047266332716,,,,
SH600837,egarch,,,,,-0.9346327150580109,0.8245709229051358,True,0.9959775796391596,0.01845396762881034,,,,
SH600886,naive,,,,,,,,,,,,,
SH600886,har,0.22098138908778306,-0.11133928867475318,0.6068284788014745,-1.285439648256448,,,,,,,,,
SH600886,har_x,,,,,,,,,,,,,
SH600886,ewma,,,,,-2.304409599848458,0.5178385916082933,True,,,,,,
SH600886,garch,,,,,-1.9017385624636856,0.6181952278388462,True,0.9809582227918516,0.014659516820943968,,,,
SH600886,egarch,,,,,-1.734004757817062,0.6604267098516419,True,0.9834191043155706,0.015707264284146163,,,,
SH600887,naive,,,,,,,,,,,,,
SH600887,har,0.20564965141605665,0.33150847567975944,0.22971832067111078,-0.9649499771747018,,,,,,,,,
SH600887,har_x,,,,,,,,,,,,,
SH600887,ewma,,,,,-1.697873337699279,0.6279154639873447,True,,,,,,
SH600887,garch,,,,,-0.5342266365833614,0.9426210334711782,True,0.972491696395917,0.01994904863238981,,,,
SH600887,egarch,,,,,-0.3821518456324284,0.9848832946485688,True,0.9739796855647602,0.02042660589424193,,,,
SH600893,naive,,,,,,,,,,,,,
SH600893,har,0.13573158593982315,0.259043768238279,0.44856873449292295,-0.633256985880025,,,,,,,,,
SH600893,har_x,,,,,,,,,,,,,
SH600893,ewma,,,,,-1.1951355998988384,0.7519263503072063,True,,,,,,
SH600893,garch,,,,,-0.4100477895806832,0.9847641653705225,True,0.9774554840587115,0.02064280274650065,,,,
SH600893,egarch,,,,,-0.25463853615181337,1.0316561982704497,True,0.9652768313993215,0.021833538405070504,,,,
SH600999,naive,,,,,,,,,,,,,
SH600999,har,0.12272729186389987,0.3359524801072953,0.4448297091003922,-0.40375731845994356,,,,,,,,,
SH600999,har_x,,,,,,,,,,,,,
SH600999,ewma,,,,,-1.1895028672987116,0.7471348236702517,True,,,,,,
SH600999,garch,,,,,-0.8892259171123348,0.8341631875615674,True,0.9975792073186491,0.01974722539384338,,,,
SH600999,egarch,,,,,-0.9143856308873533,0.8291459550389163,True,0.9963476057068955,0.019217896893008152,,,,
SH601006,naive,,,,,,,,,,,,,
SH601006,har,0.15963762081869437,0.42687049471589633,0.30139607526602014,-0.5008940823022123,,,,,,,,,
SH601006,har_x,,,,,,,,,,,,,
SH601006,ewma,,,,,-0.9961575385036627,0.8117552669751614,True,,,,,,
SH601006,garch,,,,,-0.435135624087248,0.95299252854327,True,0.9892048548316003,0.01223828624886717,,,,
SH601006,egarch,,,,,-0.3615358791032405,0.9714373533656979,True,0.9827338622655316,0.012346456122517915,,,,
SH601009,naive,,,,,,,,,,,,,
SH601009,har,0.1547144191460633,0.3149955586118011,0.41084270313767524,-0.5206135872220182,,,,,,,,,
SH601009,har_x,,,,,,,,,,,,,
SH601009,ewma,,,,,-1.0964163352408782,0.7943712430547898,True,,,,,,
SH601009,garch,,,,,-0.7935541732381532,0.8748522284111786,True,0.9955365031483194,0.015940153368178934,,,,
SH601009,egarch,,,,,-0.8617649948566707,0.8572993991612704,True,0.9989468344577346,0.01589987887162246,,,,
SH601111,naive,,,,,,,,,,,,,
SH601111,har,0.1455205910920624,0.43501756443688316,0.2737392554416365,-0.5725258765382112,,,,,,,,,
SH601111,har_x,,,,,,,,,,,,,
SH601111,ewma,,,,,-1.1670513134485683,0.7349545119979352,True,,,,,,
SH601111,garch,,,,,-0.6860787114522815,0.8766733052809468,True,0.9930016687768642,0.022365670443351155,,,,
SH601111,egarch,,,,,-0.7903270190074888,0.8477720484898225,True,0.992937404141134,0.02334142680818219,,,,
SH601166,naive,,,,,,,,,,,,,
SH601166,har,0.19269304099086287,0.23853906292208457,0.46310017673178216,-0.5032533919439268,,,,,,,,,
SH601166,har_x,,,,,,,,,,,,,
SH601166,ewma,,,,,-1.2226459472674391,0.7758239179799875,True,,,,,,
SH601166,garch,,,,,-0.908694672529709,0.8515020552196332,True,0.994443026851812,0.012347201812704132,,,,
SH601166,egarch,,,,,-0.9935024997526289,0.8334105552308413,True,0.9966279549712342,0.012786267199182192,,,,
SH601169,naive,,,,,,,,,,,,,
SH601169,har,0.16537993827540615,0.34254143670258447,0.3472427746454036,-0.667588123127321,,,,,,,,,
SH601169,har_x,,,,,,,,,,,,,
SH601169,ewma,,,,,-1.5569080856701254,0.6924151629816977,True,,,,,,
SH601169,garch,,,,,-1.2140628978162322,0.7787025055857565,True,0.9976996422630854,0.010252987528827195,,,,
SH601169,egarch,,,,,-1.2615526990794106,0.7678096250113369,True,0.9950446083765722,0.010487541926288459,,,,
SH601186,naive,,,,,,,,,,,,,
SH601186,har,0.20758640717166413,0.3732700232624368,0.28448138302417436,-0.5594834846847418,,,,,,,,,
SH601186,har_x,,,,,,,,,,,,,
SH601186,ewma,,,,,-0.9356609232376185,0.8357078908828764,True,,,,,,
SH601186,garch,,,,,-0.3539136647051782,1.0037429754155869,True,0.9874196273804915,0.019466855535964882,,,,
SH601186,egarch,,,,,-0.3144594275234777,1.0170820680005204,True,0.9820205227673893,0.020051226671165608,,,,
SH601225,naive,,,,,,,,,,,,,
SH601225,har,0.12177406960813737,0.49548451831554674,0.17131055411883148,-0.7901055600874822,,,,,,,,,
SH601225,har_x,,,,,,,,,,,,,
SH601225,ewma,,,,,-1.3502829947671835,0.6737008388039208,True,,,,,,
SH601225,garch,,,,,-0.4838471207570572,0.9319615714836257,True,0.979890601904583,0.023949440664419973,,,,
SH601225,egarch,,,,,-0.6138151248763628,0.895784901606962,True,0.987492809998486,0.023534900808369875,,,,
SH601288,naive,,,,,,,,,,,,,
SH601288,har,0.18819920686861547,0.33486376833726156,0.3258412155951029,-0.729368813474799,,,,,,,,,
SH601288,har_x,,,,,,,,,,,,,
SH601288,ewma,,,,,-1.9162393784424097,0.6342472654486734,True,,,,,,
SH601288,garch,,,,,-1.6680354916647064,0.6975114146578992,True,0.9998943818194191,0.00957523562678303,,,,
SH601288,egarch,,,,,-1.4960364147659553,0.7340407942237455,True,0.9966831354529867,0.009711919493318084,,,,
SH601318,naive,,,,,,,,,,,,,
SH601318,har,0.1385546377665544,0.23947456193803046,0.5181867142160094,-0.46143012300119346,,,,,,,,,
SH601318,har_x,,,,,,,,,,,,,
SH601318,ewma,,,,,-0.9005039831732254,0.839201149142883,True,,,,,,
SH601318,garch,,,,,-0.39012921604108447,0.975760277087196,True,0.99612323487762,0.017099551872726798,,,,
SH601318,egarch,,,,,-0.5232965368105514,0.944455505742266,True,0.9908478026123637,0.01774749082549363,,,,
SH601328,naive,,,,,,,,,,,,,
SH601328,har,0.23308064507962384,0.2815700180195516,0.32697320985097367,-0.740136323792204,,,,,,,,,
SH601328,har_x,,,,,,,,,,,,,
SH601328,ewma,,,,,-1.623378610383184,0.6861308296515134,True,,,,,,
SH601328,garch,,,,,-1.0088536202455762,0.837290151781538,True,0.9884154074227276,0.009968183136774052,,,,
SH601328,egarch,,,,,-1.177514020428535,0.7987883265446607,True,0.9943993363658761,0.00981741292807603,,,,
SH601336,naive,,,,,,,,,,,,,
SH601336,har,0.10500938164770907,0.256689649199822,0.5272013685024018,-0.4461848552913085,,,,,,,,,
SH601336,har_x,,,,,,,,,,,,,
SH601336,ewma,,,,,-0.9496939847073976,0.7977336075099447,True,,,,,,
SH601336,garch,,,,,-0.3583369028065564,0.9703658440519329,True,0.9943940506529606,0.023490014703188268,,,,
SH601336,egarch,,,,,-0.5746062872692561,0.9119043955249725,True,0.9964012172355234,0.023338688852445246,,,,
SH601377,naive,,,,,,,,,,,,,
SH601377,har,0.07741531855288418,0.4106096311768105,0.4330864442995471,-0.3392998020814625,,,,,,,,,
SH601377,har_x,,,,,,,,,,,,,
SH601377,ewma,,,,,-1.026983145136762,0.7905755627808572,True,,,,,,
SH601377,garch,,,,,-0.6557003770537436,0.892560735607466,True,0.9946634519303531,0.019160195049601432,,,,
SH601377,egarch,,,,,-0.762462300132324,0.8666418276418802,True,0.9951888515622916,0.019032409035534804,,,,
SH601398,naive,,,,,,,,,,,,,
SH601398,har,0.18746962286111676,0.32002255785593614,0.32138809938639806,-0.8100272325563732,,,,,,,,,
SH601398,har_x,,,,,,,,,,,,,
SH601398,ewma,,,,,-2.010206907251956,0.6055309946938017,True,,,,,,
SH601398,garch,,,,,-1.7902484356138557,0.6614010692118322,True,0.9999999995822403,0.010709682949940378,,,,
SH601398,egarch,,,,,-1.7109631333619295,0.6794731292385933,True,0.9981216268870138,0.010913925790331801,,,,
SH601555,naive,,,,,,,,,,,,,
SH601555,har,0.049754264229972776,0.17953036548639023,0.704935375597163,-0.2826267027685974,,,,,,,,,
SH601555,har_x,,,,,,,,,,,,,
SH601555,ewma,,,,,-1.0092729652229957,0.7987098426408408,True,,,,,,
SH601555,garch,,,,,-0.8194257073554573,0.8522784918838139,True,0.9964374350849441,0.024473704537127675,,,,
SH601555,egarch,,,,,-0.927379431202272,0.8237355778273711,True,0.9988284896420122,0.023703675427245406,,,,
SH601601,naive,,,,,,,,,,,,,
SH601601,har,0.17574871621526747,0.12900392913326483,0.558401750266186,-0.5810692682784744,,,,,,,,,
SH601601,har_x,,,,,,,,,,,,,
SH601601,ewma,,,,,-1.0589742340568096,0.7796388076362166,True,,,,,,
SH601601,garch,,,,,-0.6818336448484613,0.8820287421097411,True,0.996118624745904,0.019414532889141155,,,,
SH601601,egarch,,,,,-0.6343209415068516,0.8943353854257989,True,0.9931216198717125,0.02011188833604421,,,,
SH601607,naive,,,,,,,,,,,,,
SH601607,har,0.15951245982053758,0.3642754945557933,0.3491238281364336,-0.5307102117401654,,,,,,,,,
SH601607,har_x,,,,,,,,,,,,,
SH601607,ewma,,,,,-1.395617019069759,0.6954189004167689,True,,,,,,
SH601607,garch,,,,,-1.023921335300035,0.7950984297604995,True,0.9933016185773729,0.016955639509997143,,,,
SH601607,egarch,,,,,-0.9435706206369944,0.8165768062821286,True,0.9932397793408267,0.017530790951837953,,,,
SH601628,naive,,,,,,,,,,,,,
SH601628,har,0.137853249868108,0.3551040783130051,0.32253497408577125,-0.7700746672866635,,,,,,,,,
SH601628,har_x,,,,,,,,,,,,,
SH601628,ewma,,,,,-0.9927819397749984,0.798099319660007,True,,,,,,
SH601628,garch,,,,,-0.045755219352719714,1.0515099170680469,True,0.9873308384934395,0.02036103451631698,,,,
SH601628,egarch,,,,,0.15061185508571528,1.10465096700333,True,0.979649497352532,0.020804282652446496,,,,
SH601633,naive,,,,,,,,,,,,,
SH601633,har,0.15414945556058463,0.31056525703240284,0.26452000397886966,-1.1139863951723885,,,,,,,,,
SH601633,har_x,,,,,,,,,,,,,
SH601633,ewma,,,,,-1.574479380771345,0.6608854873954608,True,,,,,,
SH601633,garch,,,,,-0.17047839987969804,1.0448559748364667,True,0.961527724199722,0.022654739001589482,,,,
SH601633,egarch,,,,,-0.763140604997458,0.8888000597030911,True,0.9876606640242448,0.023583332994234776,,,,
SH601668,naive,,,,,,,,,,,,,
SH601668,har,0.1669702063012189,0.4206216010491538,0.259536048442179,-0.6405661542290753,,,,,,,,,
SH601668,har_x,,,,,,,,,,,,,
SH601668,ewma,,,,,-0.9689497009743556,0.8282202791186294,True,,,,,,
SH601668,garch,,,,,-0.2495250363976478,1.0252470106073426,True,0.9847388022859185,0.017294794763900216,,,,
SH601668,egarch,,,,,-0.3671193487003577,0.9940558120677991,True,0.988601050198608,0.01764541821592803,,,,
SH601669,naive,,,,,,,,,,,,,
SH601669,har,0.17392629622786898,0.16196005396394306,0.4843314568098654,-0.7477025833784945,,,,,,,,,
SH601669,har_x,,,,,,,,,,,,,
SH601669,ewma,,,,,-1.1129158429946007,0.7843641165311188,True,,,,,,
SH601669,garch,,,,,-0.9005836768596767,0.8474729725475253,True,0.9983529798958345,0.01792764863434351,,,,
SH601669,egarch,,,,,-0.9482916238852258,0.8366097295844132,True,0.9889726206906122,0.018845649555726846,,,,
SH601688,naive,,,,,,,,,,,,,
SH601688,har,0.08589310822500251,0.3699684809569676,0.4441477096581426,-0.40222509998087685,,,,,,,,,
SH601688,har_x,,,,,,,,,,,,,
SH601688,ewma,,,,,-1.0459831966040192,0.769399427417227,True,,,,,,
SH601688,garch,,,,,-0.7260865069569218,0.8664131484649324,True,0.9981397235444548,0.02303657433328137,,,,
SH601688,egarch,,,,,-0.7940772171391055,0.8493686209326822,True,0.9959305344884704,0.02307458637038619,,,,
SH601766,naive,,,,,,,,,,,,,
SH601766,har,0.08602848626297573,0.47523355050739685,0.2866674246245301,-0.6607007057716309,,,,,,,,,
SH601766,har_x,,,,,,,,,,,,,
SH601766,ewma,,,,,-1.3243632573230224,0.7488835284338706,True,,,,,,
SH601766,garch,,,,,-0.9625901440714987,0.8527844961686707,True,1.000000000849988,0.014599798480431237,,,,
SH601766,egarch,,,,,-1.153989781611141,0.8140497162074988,True,0.9810126794314008,0.01568015089765131,,,,
SH601800,naive,,,,,,,,,,,,,
SH601800,har,0.1883384040367859,0.23838327379046115,0.4307491170617012,-0.5694910928535923,,,,,,,,,
SH601800,har_x,,,,,,,,,,,,,
SH601800,ewma,,,,,-1.0306417079079961,0.788683871805994,True,,,,,,
SH601800,garch,,,,,-0.8193236884478661,0.8512291246938447,True,0.9967337341986049,0.021276049962401976,,,,
SH601800,egarch,,,,,-0.9253630964466901,0.8222177377747709,True,0.9984084065098523,0.020440311159216337,,,,
SH601818,naive,,,,,,,,,,,,,
SH601818,har,0.199939555866358,0.3012384260186324,0.370262943727331,-0.5920382559015239,,,,,,,,,
SH601818,har_x,,,,,,,,,,,,,
SH601818,ewma,,,,,-1.470268847214778,0.7105608539823588,True,,,,,,
SH601818,garch,,,,,-1.0656252028551492,0.8107851300586121,True,0.9914742972270985,0.01192313826656495,,,,
SH601818,egarch,,,,,-1.2722977528901784,0.7606778495320222,True,0.9987729708952513,0.01230655048720878,,,,
SH601857,naive,,,,,,,,,,,,,
SH601857,har,0.13293738576002573,0.5054505843898894,0.254792989729015,-0.5039790879888641,,,,,,,,,
SH601857,har_x,,,,,,,,,,,,,
SH601857,ewma,,,,,-1.0243039370269993,0.8211475116647446,True,,,,,,
SH601857,garch,,,,,-0.6156099313951223,0.9219446458006998,True,0.9950408087399166,0.01012062891440819,,,,
SH601857,egarch,,,,,-0.6727024146855163,0.9100903299981709,True,0.9942497740116957,0.010337591736385378,,,,
SH601888,naive,,,,,,,,,,,,,
SH601888,har,0.1143350615428452,0.3808977316662045,0.3564903777726854,-0.6191969106029986,,,,,,,,,
SH601888,har_x,,,,,,,,,,,,,
SH601888,ewma,,,,,-1.1326838654864244,0.7731289115548441,True,,,,,,
SH601888,garch,,,,,-0.672002538021799,0.912173438857723,True,0.9945254958523696,0.021550532918452575,,,,
SH601888,egarch,,,,,-0.8745702156853887,0.8555217073435561,True,0.9892218287664377,0.02393063398185062,,,,
SH601899,naive,,,,,,,,,,,,,
SH601899,har,0.1749119577904751,0.2818530754982508,0.29390354656517415,-1.0579088692135825,,,,,,,,,
SH601899,har_x,,,,,,,,,,,,,
SH601899,ewma,,,,,-1.6835996688601378,0.6551296041497671,True,,,,,,
SH601899,garch,,,,,-1.1068463015142114,0.823556110774208,True,0.9999999999999637,0.021360686029852992,,,,
SH601899,egarch,,,,,-1.2791967835823415,0.775019728171154,True,0.9740929469515617,0.022541183110938934,,,,
SH601901,naive,,,,,,,,,,,,,
SH601901,har,0.08582073563514497,0.4533861475946917,0.3219617268249108,-0.5723310313367324,,,,,,,,,
SH601901,har_x,,,,,,,,,,,,,
SH601901,ewma,,,,,-1.1140160358267517,0.7724260262756844,True,,,,,,
SH601901,garch,,,,,-0.25226010336705307,1.0135688869600257,True,0.9871449420036736,0.02269915620871804,,,,
SH601901,egarch,,,,,-0.45416566645917533,0.9629484577640983,True,0.9921430342231472,0.023537038595515335,,,,
SH601933,naive,,,,,,,,,,,,,
SH601933,har,0.21675119743114987,0.1489639893614349,0.3281925565141347,-1.235525322453918,,,,,,,,,
SH601933,har_x,,,,,,,,,,,,,
SH601933,ewma,,,,,-1.557107105463785,0.6512854011361301,True,,,,,,
SH601933,garch,,,,,-0.777534370858084,0.8790546296297677,True,0.9781852101437857,0.02149894621100787,,,,
SH601933,egarch,,,,,-0.6550708384052142,0.9138855645983366,True,0.9729750699979934,0.02246251239987872,,,,
SH601939,naive,,,,,,,,,,,,,
SH601939,har,0.18711348351482932,0.3226394879873197,0.31930164615668066,-0.7848558107733467,,,,,,,,,
SH601939,har_x,,,,,,,,,,,,,
SH601939,ewma,,,,,-1.6186693337538887,0.6834101094729222,True,,,,,,
SH601939,garch,,,,,-1.1423229039963003,0.8008863734298972,True,0.9915946048271759,0.011837767848279916,,,,
SH601939,egarch,,,,,-1.2886066630315767,0.7664529931887167,True,0.998610631226323,0.01144541618949232,,,,
SH601988,naive,,,,,,,,,,,,,
SH601988,har,0.21461939318041123,0.3070010047665086,0.31554574706842903,-0.7695273745946725,,,,,,,,,
SH601988,har_x,,,,,,,,,,,,,
SH601988,ewma,,,,,-1.5659257977036476,0.7024042691002119,True,,,,,,
SH601988,garch,,,,,-1.1914504136073072,0.7927756826650695,True,0.9972398419499853,0.009337588935663707,,,,
SH601988,egarch,,,,,-1.2124461840439857,0.7870768185294068,True,0.9968917342117045,0.009287899644533219,,,,
SH601998,naive,,,,,,,,,,,,,
SH601998,har,0.1876681978242354,0.34267433555949267,0.3234795150636706,-0.6376393170341867,,,,,,,,,
SH601998,har_x,,,,,,,,,,,,,
SH601998,ewma,,,,,-0.9143318325255171,0.8304818445356442,True,,,,,,
SH601998,garch,,,,,-0.6257200166677989,0.9063378510649486,True,1.0000000000008618,0.013519512878878467,,,,
SH601998,egarch,,,,,-0.5896373786267591,0.919322415063527,True,0.9800678306393444,0.014064132476508352,,,,
SH603993,naive,,,,,,,,,,,,,
SH603993,har,0.12584961662451447,0.39345588374418367,0.3095877045665063,-0.649446769140769,,,,,,,,,
SH603993,har_x,,,,,,,,,,,,,
SH603993,ewma,,,,,-0.6343521492338893,0.9048085858044898,True,,,,,,
SH603993,garch,,,,,0.6242625680497069,1.2919538020776276,True,0.9593553859680889,0.02863943438983787,,,,
SH603993,egarch,,,,,0.9381518842631232,1.391367619700548,True,0.9216189108785323,0.02982665013956773,,,,
SZ000001,naive,,,,,,,,,,,,,
SZ000001,har,0.2143863222471698,0.3630433457282143,0.326700364654378,-0.4336910270935882,,,,,,,,,
SZ000001,har_x,,,,,,,,,,,,,
SZ000001,ewma,,,,,-0.8257183327668232,0.8695977970329724,True,,,,,,
SZ000001,garch,,,,,-0.3128691906746906,1.0126174498396074,True,1.0000000000000595,0.01942031644330316,,,,
SZ000001,egarch,,,,,-0.4122457552831166,0.990314959889266,True,0.9919342502595376,0.020427532635754413,,,,
SZ000069,naive,,,,,,,,,,,,,
SZ000069,har,0.13011388472400684,0.31892304817383027,0.39338837977117175,-0.6500645599396597,,,,,,,,,
SZ000069,har_x,,,,,,,,,,,,,
SZ000069,ewma,,,,,-1.4175284426756982,0.6909357763268461,True,,,,,,
SZ000069,garch,,,,,-0.9348470764500165,0.8263623033678009,True,0.9922302876430869,0.018894455950740872,,,,
SZ000069,egarch,,,,,-1.0463111066576762,0.7960269774741744,True,0.9974525113167079,0.019129988916143422,,,,
SZ000157,naive,,,,,,,,,,,,,
SZ000157,har,0.04980449006037044,0.4161641151124362,0.40910380155619225,-0.5446921008439988,,,,,,,,,
SZ000157,har_x,,,,,,,,,,,,,
SZ000157,ewma,,,,,-1.2631939777728918,0.7564266392743632,True,,,,,,
SZ000157,garch,,,,,-0.7703194555350481,0.890446557180093,True,0.9922108517709045,0.017862285416531114,,,,
SZ000157,egarch,,,,,-0.8495757942460404,0.870887850191329,True,0.9963101014485923,0.01885222426126819,,,,
SZ000166,naive,,,,,,,,,,,,,
SZ000166,har,0.12678989919069217,0.277910416076051,0.5182660088422762,-0.34228651220265766,,,,,,,,,
SZ000166,har_x,,,,,,,,,,,,,
SZ000166,ewma,,,,,-1.010278823621133,0.8150926483988086,True,,,,,,
SZ000166,garch,,,,,-0.6532302599878025,0.909729700166784,True,0.9945906041471242,0.016290444083107813,,,,
SZ000166,egarch,,,,,-0.7525319024448301,0.8862867163729211,True,0.996013460172533,0.01625681132728688,,,,
SZ000333,naive,,,,,,,,,,,,,
SZ000333,har,0.14276672179056185,0.3822619856303414,0.23811933613844932,-0.9595783819084046,,,,,,,,,
SZ000333,har_x,,,,,,,,,,,,,
SZ000333,ewma,,,,,-1.6271809077784654,0.63666137535492,True,,,,,,
SZ000333,garch,,,,,-0.8847202673021131,0.8413996804220996,True,0.9768653391997387,0.020583297112050623,,,,
SZ000333,egarch,,,,,-0.630735407796185,0.9110009570408679,True,0.9539990468395452,0.02083396395129971,,,,
SZ000338,naive,,,,,,,,,,,,,
SZ000338,har,0.1259898344045006,0.4386901128119161,0.22419063677749418,-0.8672459600996284,,,,,,,,,
SZ000338,har_x,,,,,,,,,,,,,
SZ000338,ewma,,,,,-1.4184198320254566,0.7019257826342002,True,,,,,,
SZ000338,garch,,,,,-0.6420965570866205,0.9174742128544632,True,0.9826464409822228,0.0215729758708849,,,,
SZ000338,egarch,,,,,-0.7178217594695602,0.8993883371994079,True,0.9852370639897354,0.021752274470339384,,,,
SZ000425,naive,,,,,,,,,,,,,
SZ000425,har,0.06659726244276358,0.4267906506315653,0.3740451983382734,-0.5473772623644256,,,,,,,,,
SZ000425,har_x,,,,,,,,,,,,,
SZ000425,ewma,,,,,-1.1031913885386067,0.7780141180582154,True,,,,,,
SZ000425,garch,,,,,-0.482698608292478,0.9568280106707667,True,0.9929208175600949,0.021558681815152754,,,,
SZ000425,egarch,,,,,-0.5852001613725936,0.9321739306541723,True,0.9916093248613881,0.022213042983580733,,,,
SZ000568,naive,,,,,,,,,,,,,
SZ000568,har,0.12313124211117725,0.3775163171726221,0.2402588436091132,-1.0116294893596127,,,,,,,,,
SZ000568,har_x,,,,,,,,,,,,,
SZ000568,ewma,,,,,-1.5562817230924832,0.6285811424784202,True,,,,,,
SZ000568,garch,,,,,-0.7377777952472883,0.855259981829259,True,0.972892637532766,0.023412772529247262,,,,
SZ000568,egarch,,,,,-0.8051453507809124,0.8377965507857836,True,0.985757296022659,0.023838794322153977,,,,
SZ000625,naive,,,,,,,,,,,,,
SZ000625,har,0.12082143121268156,0.28903075238326964,0.45394461790659757,-0.603360439905439,,,,,,,,,
SZ000625,har_x,,,,,,,,,,,,,
SZ000625,ewma,,,,,-1.0058780427989784,0.8371206449062694,True,,,,,,
SZ000625,garch,,,,,-0.6286131052027337,0.9343852642455078,True,0.9936926691380396,0.02419298952495186,,,,
SZ000625,egarch,,,,,-0.7470447481785925,0.9030233945485826,True,0.9982505011560948,0.022490835098028586,,,,
SZ000709,naive,,,,,,,,,,,,,
SZ000709,har,0.24621566362153716,0.03043815918572901,0.17251896563325705,-2.255094217823242,,,,,,,,,
SZ000709,har_x,,,,,,,,,,,,,
SZ000709,ewma,,,,,-2.069920773176432,0.543339614344357,True,,,,,,
SZ000709,garch,,,,,-1.5920665465396073,0.6787296038880877,True,0.9854115186086351,0.019061378122004,,,,
SZ000709,egarch,,,,,-1.4047267402669459,0.7282599581506711,True,0.9752208051685879,0.018991274532759974,,,,
SZ000725,naive,,,,,,,,,,,,,
SZ000725,har,0.09881593060454832,0.21868650486225222,0.47055691403158345,-0.8783948878052041,,,,,,,,,
SZ000725,har_x,,,,,,,,,,,,,
SZ000725,ewma,,,,,-1.6448383455565818,0.6568897579466393,True,,,,,,
SZ000725,garch,,,,,-1.2166796811624445,0.7838365315026629,True,0.9939694413031882,0.02450210508848001,,,,
SZ000725,egarch,,,,,-1.0415782006058973,0.8305959892957758,True,0.98426081556462,0.025529014165232636,,,,
SZ000728,naive,,,,,,,,,,,,,
SZ000728,har,0.08190113270713227,0.24638492171972007,0.49433019345063606,-0.6974006743118034,,,,,,,,,
SZ000728,har_x,,,,,,,,,,,,,
SZ000728,ewma,,,,,-1.082836111996751,0.7751612947380117,True,,,,,,
SZ000728,garch,,,,,-0.7447882092126544,0.8763796224452457,True,0.9961134501268215,0.02557262536696736,,,,
SZ000728,egarch,,,,,-0.9383407125458865,0.8228614547064723,True,0.9962992463007313,0.024782149155838318,,,,
SZ000768,naive,,,,,,,,,,,,,
SZ000768,har,0.09162509836617029,0.3247619079963537,0.4480080553212279,-0.5388934468212145,,,,,,,,,
SZ000768,har_x,,,,,,,,,,,,,
SZ000768,ewma,,,,,-0.9992927645861474,0.792178359437692,True,,,,,,
SZ000768,garch,,,,,-0.1670659970750711,1.03524219914855,True,0.9753668747310644,0.023392697679124483,,,,
SZ000768,egarch,,,,,-0.23887841114375943,1.0184810951682461,True,0.9772538783725868,0.02332823856839488,,,,
SZ000776,naive,,,,,,,,,,,,,
SZ000776,har,0.0757661763012361,0.4120030662706609,0.4267866763843226,-0.36495883007876934,,,,,,,,,
SZ000776,har_x,,,,,,,,,,,,,
SZ000776,ewma,,,,,-0.9532744605960402,0.820586766849997,True,,,,,,
SZ000776,garch,,,,,-0.40422832848694273,0.9731741669374184,True,0.9928820568281385,0.019312582465698624,,,,
SZ000776,egarch,,,,,-0.6439867038849116,0.9105763299208162,True,0.9939288306018117,0.019319981069281268,,,,
SZ000783,naive,,,,,,,,,,,,,
SZ000783,har,0.09268639694250086,0.21570204264945672,0.6113933613796076,-0.34381455224359997,,,,,,,,,
SZ000783,har_x,,,,,,,,,,,,,
SZ000783,ewma,,,,,-0.8423989681401416,0.8528268470503461,True,,,,,,
SZ000783,garch,,,,,-0.5401482584417094,0.9398636197059314,True,0.996092220006415,0.021615956708090543,,,,
SZ000783,egarch,,,,,-0.6450006340263909,0.9136675969203453,True,0.993882637060857,0.02139779636865448,,,,
SZ000858,naive,,,,,,,,,,,,,
SZ000858,har,0.07014595642910203,0.5865415339894511,0.10821731395147247,-0.9592778540736118,,,,,,,,,
SZ000858,har_x,,,,,,,,,,,,,
SZ000858,ewma,,,,,-1.6154649722588714,0.638990430637182,True,,,,,,
SZ000858,garch,,,,,-0.3468717040547435,0.9847396627260228,True,0.9685706099869525,0.02193106611527547,,,,
SZ000858,egarch,,,,,-0.5594445600467023,0.927872726116342,True,0.9832066984825173,0.0229032970326951,,,,
SZ000895,naive,,,,,,,,,,,,,
SZ000895,har,0.09896354140968412,0.44816524772613037,0.2787316851006612,-0.739172452261189,,,,,,,,,
SZ000895,har_x,,,,,,,,,,,,,
SZ000895,ewma,,,,,-1.504383810765738,0.6836106797499863,True,,,,,,
SZ000895,garch,,,,,-0.8267972378092109,0.8672899262218692,True,0.9904389625403851,0.019774130916137344,,,,
SZ000895,egarch,,,,,-0.8029554829615588,0.8743658027682826,True,0.9898707833402134,0.02039417442074106,,,,
SZ000963,naive,,,,,,,,,,,,,
SZ000963,har,0.07503232754738907,0.3237577295562644,0.458989936494414,-0.5991409066526164,,,,,,,,,
SZ000963,har_x,,,,,,,,,,,,,
SZ000963,ewma,,,,,-1.2264216103544396,0.7341926727260568,True,,,,,,
SZ000963,garch,,,,,-0.8061650016086432,0.8484454594178885,True,0.9949818240973971,0.020380542490876598,,,,
SZ000963,egarch,,,,,-0.6608289562286087,0.88386234237151,True,0.9927371954785674,0.020063142663586622,,,,
SZ002007,naive,,,,,,,,,,,,,
SZ002007,har,0.07778996769501094,0.4281673548786538,0.38987465312149855,-0.4346547793714299,,,,,,,,,
SZ002007,har_x,,,,,,,,,,,,,
SZ002007,ewma,,,,,-1.0225052398772638,0.7951026296109616,True,,,,,,
SZ002007,garch,,,,,-0.45046228298563884,0.9578065924299228,True,0.9938890585169529,0.022135774051714175,,,,
SZ002007,egarch,,,,,-0.19411220347902744,1.0271195683684575,True,0.9768421124757197,0.022584361350904622,,,,
SZ002008,naive,,,,,,,,,,,,,
SZ002008,har,0.08577391570873714,0.4040725918990653,0.4047027796735933,-0.40591230300323944,,,,,,,,,
SZ002008,har_x,,,,,,,,,,,,,
SZ002008,ewma,,,,,-0.9980694206306274,0.7879012092035952,True,,,,,,
SZ002008,garch,,,,,-0.45280871222601565,0.9535795701812443,True,0.9914597802451219,0.0273645616596601,,,,
SZ002008,egarch,,,,,-0.4114103360545941,0.9660641621516601,True,0.9859891609366049,0.028544528307955033,,,,
SZ002024,naive,,,,,,,,,,,,,
SZ002024,har,0.25148138600658126,0.0869428772410786,0.4485199941845352,-0.8836758062263251,,,,,,,,,
SZ002024,har_x,,,,,,,,,,,,,
SZ002024,ewma,,,,,-1.2399254590198758,0.7596203703600071,True,,,,,,
SZ002024,garch,,,,,-0.8413012350376251,0.8748371115518331,True,0.9941112082801797,0.019936919556472834,,,,
SZ002024,egarch,,,,,-0.8499063665334616,0.8730055052192708,True,0.9918156283768882,0.019843920688285298,,,,
SZ002142,naive,,,,,,,,,,,,,
SZ002142,har,0.16255917672916698,0.29421236047812066,0.3557327474986833,-0.7762044332217213,,,,,,,,,
SZ002142,har_x,,,,,,,,,,,,,
SZ002142,ewma,,,,,-1.309852920836131,0.7241243345698628,True,,,,,,
SZ002142,garch,,,,,-0.8402498550227734,0.8498470424723187,True,0.9919662872279823,0.019106216848281045,,,,
SZ002142,egarch,,,,,-0.9278528277313908,0.826910227672539,True,0.9983851875542642,0.019352821542129906,,,,
SZ002146,naive,,,,,,,,,,,,,
SZ002146,har,0.17056387929483785,0.15015141898584747,0.3954907664965767,-1.131903361606998,,,,,,,,,
SZ002146,har_x,,,,,,,,,,,,,
SZ002146,ewma,,,,,-1.1977279401539243,0.7608520843036961,True,,,,,,
SZ002146,garch,,,,,-0.5682005655844667,0.9422545534118377,True,0.9779209960536603,0.02129864661872051,,,,
SZ002146,egarch,,,,,-0.5626215016368549,0.9479521199598336,True,0.9697145471442824,0.0221090228503984,,,,
SZ002153,naive,,,,,,,,,,,,,
SZ002153,har,0.1485226205204378,0.10845280233811334,0.6789410762933842,-0.249734752880576,,,,,,,,,
SZ002153,har_x,,,,,,,,,,,,,
SZ002153,ewma,,,,,-0.7960097352065109,0.8356191815969659,True,,,,,,
SZ002153,garch,,,,,-0.026389416593082585,1.0736401156008615,True,0.9910229753989379,0.02880398862992538,,,,
SZ002153,egarch,,,,,-0.1833119526220722,1.0274683613507274,True,0.9915249036638338,0.029874066656434578,,,,
SZ002202,naive,,,,,,,,,,,,,
SZ002202,har,0.14874957064820823,0.4244146366501151,0.3232943735406972,-0.4162341956374672,,,,,,,,,
SZ002202,har_x,,,,,,,,,,,,,
SZ002202,ewma,,,,,-0.8266431944636347,0.8564038492917307,True,,,,,,
SZ002202,garch,,,,,0.023471118825015225,1.104112469377587,True,0.9791922088236943,0.022865150097225118,,,,
SZ002202,egarch,,,,,0.030511538322423586,1.1061936076567245,True,0.9821976028428796,0.023769028781107347,,,,
SZ002236,naive,,,,,,,,,,,,,
SZ002236,har,0.07105192671341418,-0.002270066180634911,0.7936263821036781,-0.5300003893509383,,,,,,,,,
SZ002236,har_x,,,,,,,,,,,,,
SZ002236,ewma,,,,,-1.001170617726473,0.7758423994984833,True,,,,,,
SZ002236,garch,,,,,-0.3552265658062591,0.9647068188614494,True,0.9920189633144606,0.027250932867588347,,,,
SZ002236,egarch,,,,,-0.2741774726969578,0.9882433416095434,True,0.9804089976542865,0.02783054753327016,,,,
SZ002241,naive,,,,,,,,,,,,,
SZ002241,har,0.07514182454750117,0.3696778341757689,0.4344362325778499,-0.4716804632442286,,,,,,,,,
SZ002241,har_x,,,,,,,,,,,,,
SZ002241,ewma,,,,,-1.2253907917246087,0.7240205354506507,True,,,,,,
SZ002241,garch,,,,,-1.0730353664583454,0.7780956627037547,True,1.0000000001765137,0.03105616023835793,,,,
SZ002241,egarch,,,,,-1.0139861501974023,0.7940540515529356,True,0.9999706640198466,0.032944912429949846,,,,
SZ002304,naive,,,,,,,,,,,,,
SZ002304,har,0.15765054805506046,0.4389409767339299,0.21563252529869842,-0.7716306355392593,,,,,,,,,
SZ002304,har_x,,,,,,,,,,,,,
SZ002304,ewma,,,,,-0.8660710649314404,0.8381390476993205,True,,,,,,
SZ002304,garch,,,,,-0.1302504288249771,1.0442090891716893,True,0.9898789332650749,0.02193521347338474,,,,
SZ002304,egarch,,,,,-0.12054075512268202,1.0449792617801137,True,0.9845170558148989,0.022340863794818238,,,,
SZ002415,naive,,,,,,,,,,,,,
SZ002415,har,0.06161139327085891,0.5666424138280874,0.22142408091702853,-0.6078731203429553,,,,,,,,,
SZ002415,har_x,,,,,,,,,,,,,
SZ002415,ewma,,,,,-1.2585958009806528,0.7259089583390322,True,,,,,,
SZ002415,garch,,,,,-0.6353878612757315,0.8983766668258747,True,0.9901133065386505,0.023749817691991332,,,,
SZ002415,egarch,,,,,-0.7003578914472451,0.8823184076142218,True,0.9923891511950018,0.024581574966239753,,,,
SZ002456,naive,,,,,,,,,,,,,
SZ002456,har,0.07110574469679001,0.275203255704069,0.5499186549205565,-0.38605611772773574,,,,,,,,,
SZ002456,har_x,,,,,,,,,,,,,
SZ002456,ewma,,,,,-1.030602109844673,0.7636611179797046,True,,,,,,
SZ002456,garch,,,,,-0.5494155975857282,0.910760724152251,True,0.9920792387896541,0.031712350046734346,,,,
SZ002456,egarch,,,,,-0.5715614007654699,0.9047235908068433,True,0.989882046674627,0.03235565454414465,,,,
SZ002475,naive,,,,,,,,,,,,,
SZ002475,har,0.06802872477854902,0.34304956875588366,0.45587045662878173,-0.5098770979024485,,,,,,,,,
SZ002475,har_x,,,,,,,,,,,,,
SZ002475,ewma,,,,,-0.9643312633242931,0.7695457137572785,True,,,,,,
SZ002475,garch,,,,,-0.06952406882277691,1.0212269107493837,True,0.982700038338208,0.02638424741108121,,,,
SZ002475,egarch,,,,,-0.22373880272611701,0.9786516394780147,True,0.986588144035722,0.026846197731580135,,,,
SZ002594,naive,,,,,,,,,,,,,
SZ002594,har,0.10794873282905813,0.5164425537910403,0.2978585998097012,-0.3188082869060298,,,,,,,,,
SZ002594,har_x,,,,,,,,,,,,,
SZ002594,ewma,,,,,-0.7087496584442938,0.8926794817162876,True,,,,,,
SZ002594,garch,,,,,-0.2923452957940385,1.0165755483817926,True,0.9966032444649118,0.022845726701643226,,,,
SZ002594,egarch,,,,,-0.21254277950150946,1.0433281426331142,True,0.9823140280654701,0.024359201013746674,,,,
SZ002673,naive,,,,,,,,,,,,,
SZ002673,har,0.10211430559401696,0.1124905911500771,0.7228557900099392,-0.2573359613696958,,,,,,,,,
SZ002673,har_x,,,,,,,,,,,,,
SZ002673,ewma,,,,,-0.5066240035465877,0.9419972401830566,True,,,,,,
SZ002673,garch,,,,,0.0406777932726157,1.1021236078131422,True,0.9937985850365955,0.022878896348576712,,,,
SZ002673,egarch,,,,,-0.15195044409156738,1.0479683713623222,True,0.9950432742177323,0.02198346962307948,,,,
SZ300124,naive,,,,,,,,,,,,,
SZ300124,har,0.08106792126366677,0.3693153886761725,0.458731946335253,-0.36225403943986506,,,,,,,,,
SZ300124,har_x,,,,,,,,,,,,,
SZ300124,ewma,,,,,-1.1027513946354877,0.7541637975648172,True,,,,,,
SZ300124,garch,,,,,-0.830740252625808,0.8335427918531396,True,0.9949634045409749,0.022275666925212628,,,,
SZ300124,egarch,,,,,-0.8824999387180893,0.8196821802655583,True,0.9964461003849422,0.022806367977264597,,,,
__pooled__,har_pooled,,,,,,,,,,0.13387814301857603,0.326000404311762,0.43120171681644465,-0.45827481483341076
